"","X","testtaker","SelectForm","WordFormation","Hotspot","Punctuation","Dictation","Notes","Lectures","Summary","MeaningWord","WordsinText","LinkingWords","TextComprehension","TextConnection","SelectArgument","FindFallacy","faculty","score"
"1",1,"FTRNED22231e1",12,13,5,5,6,3,4,1,6,10,2,0,1,1,2,"FTR",71
"2",2,"FTRNED22231e10",17,15,3,6,7,2,6,6,6,13,9,2,2,2,4,"FTR",100
"3",3,"FTRNED22231e11",13,16,4,6,6,4,4,9,8,13,10,1,2,2,3,"FTR",101
"4",4,"FTRNED22231e12",14,13,5,5,9,4,6,11,6,10,10,2,2,2,2,"FTR",101
"5",5,"FTRNED22231e13",14,17,4,5,6,5,5,9,5,11,10,2,2,2,4,"FTR",101
"6",6,"FTRNED22231e14",17,17,4,3,5,5,6,6,10,10,11,1,1,2,4,"FTR",102
"7",7,"FTRNED22231e15",15,16,4,4,8,6,6,8,9,10,9,2,2,1,2,"FTR",102
"8",8,"FTRNED22231e16",17,18,3,6,8,4,5,2,9,10,11,2,2,2,4,"FTR",103
"9",9,"FTRNED22231e17",13,14,6,5,8,4,5,10,9,12,10,1,1,2,3,"FTR",103
"10",10,"FTRNED22231e18",15,16,5,6,7,4,6,10,6,10,9,2,1,2,4,"FTR",103
"11",11,"FTRNED22231e19",16,17,4,7,6,4,6,8,6,11,9,2,2,1,4,"FTR",103
"12",12,"FTRNED22231e2",12,16,4,5,5,4,4,9,6,8,9,1,2,0,2,"FTR",87
"13",13,"FTRNED22231e20",18,17,2,6,4,5,5,8,10,11,9,2,2,2,3,"FTR",104
"14",14,"FTRNED22231e21",17,16,4,6,7,5,6,6,6,11,10,2,2,2,4,"FTR",104
"15",15,"FTRNED22231e22",12,16,5,6,8,4,6,7,8,11,11,2,2,2,4,"FTR",104
"16",16,"FTRNED22231e23",15,15,6,3,8,4,5,11,8,10,11,2,1,2,3,"FTR",104
"17",17,"FTRNED22231e24",14,14,1,7,7,6,5,11,10,11,12,2,1,2,2,"FTR",105
"18",18,"FTRNED22231e25",13,15,6,7,6,6,5,11,7,10,11,2,2,2,3,"FTR",106
"19",19,"FTRNED22231e26",15,15,6,7,6,4,6,10,8,10,11,2,2,2,2,"FTR",106
"20",20,"FTRNED22231e27",17,18,6,5,8,5,6,9,9,10,7,2,1,2,3,"FTR",108
"21",21,"FTRNED22231e28",15,16,4,5,8,5,5,10,10,12,11,1,1,2,4,"FTR",109
"22",22,"FTRNED22231e29",16,16,5,5,8,5,6,11,7,11,10,2,2,2,3,"FTR",109
"23",23,"FTRNED22231e3",12,16,3,4,6,4,5,8,6,9,7,2,2,1,3,"FTR",88
"24",24,"FTRNED22231e30",18,15,4,5,6,5,5,11,9,11,10,2,2,2,4,"FTR",109
"25",25,"FTRNED22231e31",15,15,4,6,5,5,5,11,9,13,11,2,2,2,4,"FTR",109
"26",26,"FTRNED22231e32",18,15,6,6,5,6,5,10,9,8,11,2,2,2,4,"FTR",109
"27",27,"FTRNED22231e33",18,17,5,5,8,6,6,7,9,12,9,1,1,2,3,"FTR",109
"28",28,"FTRNED22231e34",15,17,3,5,7,5,6,10,8,11,12,2,2,2,4,"FTR",109
"29",29,"FTRNED22231e35",16,16,5,4,5,6,6,11,9,12,10,2,2,2,4,"FTR",110
"30",30,"FTRNED22231e36",16,13,6,6,5,6,6,10,9,12,11,2,2,2,4,"FTR",110
"31",31,"FTRNED22231e37",18,16,4,5,7,6,6,12,7,10,10,2,2,1,4,"FTR",110
"32",32,"FTRNED22231e38",17,16,4,7,4,5,6,10,9,12,12,2,1,2,3,"FTR",110
"33",33,"FTRNED22231e39",18,17,6,7,7,5,5,9,10,10,10,2,0,2,3,"FTR",111
"34",34,"FTRNED22231e4",11,16,1,7,6,6,6,5,8,9,9,1,0,1,4,"FTR",90
"35",35,"FTRNED22231e40",17,15,6,7,10,6,4,11,7,11,7,2,2,2,4,"FTR",111
"36",36,"FTRNED22231e41",17,17,5,5,5,6,6,11,9,11,10,2,1,2,4,"FTR",111
"37",37,"FTRNED22231e42",17,16,5,7,8,6,6,11,7,10,10,2,2,2,3,"FTR",112
"38",38,"FTRNED22231e43",16,15,5,5,7,6,5,10,10,12,11,2,2,2,4,"FTR",112
"39",39,"FTRNED22231e44",15,17,6,6,7,5,5,9,10,12,11,2,2,2,3,"FTR",112
"40",40,"FTRNED22231e45",18,15,5,5,6,6,6,8,10,12,11,2,2,2,4,"FTR",112
"41",41,"FTRNED22231e46",18,17,5,4,6,6,6,11,9,12,10,2,2,2,2,"FTR",112
"42",42,"FTRNED22231e47",18,16,5,6,6,6,5,11,9,13,10,2,2,2,2,"FTR",113
"43",43,"FTRNED22231e48",16,17,6,4,8,6,5,7,10,13,12,2,2,2,3,"FTR",113
"44",44,"FTRNED22231e49",16,16,5,6,7,6,6,11,8,12,11,2,2,2,3,"FTR",113
"45",45,"FTRNED22231e5",13,15,3,7,4,4,6,8,9,10,7,1,1,1,3,"FTR",92
"46",46,"FTRNED22231e50",18,14,4,5,7,6,6,11,9,14,11,2,1,1,4,"FTR",113
"47",47,"FTRNED22231e51",18,16,5,6,7,6,5,11,9,11,10,2,2,2,3,"FTR",113
"48",48,"FTRNED22231e52",15,19,5,7,5,5,6,11,9,12,11,2,1,2,3,"FTR",113
"49",49,"FTRNED22231e53",14,18,6,6,9,5,5,10,10,11,12,2,2,2,3,"FTR",115
"50",50,"FTRNED22231e54",16,17,6,6,7,6,4,11,10,13,10,2,1,2,4,"FTR",115
"51",51,"FTRNED22231e55",18,16,4,4,8,6,6,10,10,12,12,2,1,2,4,"FTR",115
"52",52,"FTRNED22231e56",19,18,6,7,8,5,4,8,9,12,10,2,1,2,4,"FTR",115
"53",53,"FTRNED22231e57",18,18,5,6,7,4,6,11,9,13,9,2,2,2,4,"FTR",116
"54",54,"FTRNED22231e58",17,14,6,7,6,6,5,11,10,14,12,2,1,2,3,"FTR",116
"55",55,"FTRNED22231e59",17,18,2,6,7,6,5,12,9,13,12,2,1,2,4,"FTR",116
"56",56,"FTRNED22231e6",16,13,3,6,7,3,5,7,4,12,11,2,2,0,1,"FTR",92
"57",57,"FTRNED22231e60",19,14,4,6,8,6,6,12,10,12,12,2,2,1,3,"FTR",117
"58",58,"FTRNED22231e61",17,16,6,6,7,6,6,12,9,13,11,2,1,2,3,"FTR",117
"59",59,"FTRNED22231e62",19,19,5,6,8,6,6,6,10,13,9,2,2,2,4,"FTR",117
"60",60,"FTRNED22231e63",20,17,5,7,8,6,6,12,9,11,9,2,1,1,3,"FTR",117
"61",61,"FTRNED22231e64",19,17,4,7,9,6,5,8,10,13,11,2,1,2,4,"FTR",118
"62",62,"FTRNED22231e65",18,17,5,5,8,6,6,10,10,13,11,2,2,2,4,"FTR",119
"63",63,"FTRNED22231e66",18,19,6,6,6,6,5,12,10,14,10,2,1,2,4,"FTR",121
"64",64,"FTRNED22231e67",17,19,5,7,7,6,5,11,10,14,10,2,2,2,4,"FTR",121
"65",65,"FTRNED22231e68",19,17,6,7,9,6,6,11,10,12,11,2,2,1,2,"FTR",121
"66",66,"FTRNED22231e69",17,18,8,6,7,6,6,9,10,12,12,2,2,2,4,"FTR",121
"67",67,"FTRNED22231e7",13,15,4,7,6,4,4,10,8,11,9,0,1,0,0,"FTR",92
"68",68,"FTRNED22231e70",19,19,6,7,8,6,6,8,10,12,12,2,2,1,3,"FTR",121
"69",69,"FTRNED22231e71",18,18,6,6,7,6,6,11,10,12,12,2,2,2,3,"FTR",121
"70",70,"FTRNED22231e72",20,18,6,7,10,6,6,9,10,13,10,2,2,2,4,"FTR",125
"71",71,"FTRNED22231e73",19,19,8,6,9,6,6,10,10,14,12,2,1,2,4,"FTR",128
"72",72,"FTRNED22231e8",15,15,1,5,6,6,6,7,8,11,11,2,1,1,1,"FTR",96
"73",73,"FTRNED22231e9",13,16,6,4,7,6,5,8,10,9,7,2,2,1,2,"FTR",98
"74",74,"LETENG22231e1",20,18,10,7,8,6,6,12,10,13,12,2,2,2,3,"LET",131
"75",75,"LETENG22231e10",15,18,5,5,6,5,5,10,8,13,11,2,1,2,2,"LET",108
"76",76,"LETENG22231e100",19,18,10,7,9,6,6,11,10,14,12,2,2,2,4,"LET",132
"77",77,"LETENG22231e101",18,15,7,6,4,4,5,7,9,11,12,2,2,0,4,"LET",106
"78",78,"LETENG22231e102",17,18,10,7,8,6,5,10,10,13,10,2,2,1,4,"LET",123
"79",79,"LETENG22231e103",13,13,7,5,5,3,4,5,1,9,8,1,1,1,1,"LET",77
"80",80,"LETENG22231e104",16,16,5,7,7,5,5,11,10,14,10,2,2,2,4,"LET",116
"81",81,"LETENG22231e105",15,18,8,7,8,6,5,6,9,14,12,2,2,2,4,"LET",118
"82",82,"LETENG22231e106",17,17,7,7,5,6,6,11,9,14,10,2,2,2,4,"LET",119
"83",83,"LETENG22231e107",13,13,6,5,6,2,5,7,6,6,7,0,0,1,0,"LET",77
"84",84,"LETENG22231e108",19,11,8,6,10,6,6,9,10,12,12,2,2,2,3,"LET",118
"85",85,"LETENG22231e109",14,12,6,7,6,6,6,10,6,9,10,0,2,0,2,"LET",96
"86",86,"LETENG22231e11",17,18,8,7,7,6,4,9,8,11,9,2,2,1,2,"LET",111
"87",87,"LETENG22231e110",15,16,7,6,6,6,5,9,6,11,7,2,2,1,0,"LET",99
"88",88,"LETENG22231e111",16,14,7,7,7,5,5,8,10,14,11,2,2,2,3,"LET",113
"89",89,"LETENG22231e112",17,17,8,6,7,5,5,10,8,13,10,1,1,0,3,"LET",111
"90",90,"LETENG22231e113",19,15,7,5,5,6,6,11,9,13,11,2,2,2,4,"LET",117
"91",91,"LETENG22231e114",16,15,8,6,7,6,5,9,7,12,10,2,2,1,3,"LET",109
"92",92,"LETENG22231e115",16,16,8,7,7,4,5,11,4,11,10,2,2,2,4,"LET",109
"93",93,"LETENG22231e116",14,16,6,6,6,5,6,9,5,11,10,2,2,1,4,"LET",103
"94",94,"LETENG22231e117",17,19,10,5,7,6,6,11,10,12,12,2,2,2,4,"LET",125
"95",95,"LETENG22231e118",15,18,6,7,5,5,6,7,9,9,12,2,2,1,3,"LET",107
"96",96,"LETENG22231e119",20,18,10,6,8,6,6,11,9,12,10,2,2,2,4,"LET",126
"97",97,"LETENG22231e12",17,17,9,6,5,5,5,10,9,12,11,2,2,2,0,"LET",112
"98",98,"LETENG22231e120",18,15,8,5,5,6,6,12,10,13,11,2,1,2,2,"LET",116
"99",99,"LETENG22231e121",10,17,7,5,6,4,5,9,4,9,10,2,2,2,2,"LET",94
"100",100,"LETENG22231e122",17,17,9,7,7,6,6,9,8,11,11,2,2,2,4,"LET",118
"101",101,"LETENG22231e123",19,19,7,6,7,5,6,10,10,13,11,2,0,0,2,"LET",117
"102",102,"LETENG22231e124",17,18,10,5,7,6,6,10,9,14,10,2,1,2,4,"LET",121
"103",103,"LETENG22231e125",20,18,10,6,8,4,6,11,10,12,10,2,2,2,4,"LET",125
"104",104,"LETENG22231e126",15,14,10,7,7,3,5,11,3,14,10,1,2,1,4,"LET",107
"105",105,"LETENG22231e127",19,16,6,7,7,4,6,11,10,13,12,2,2,2,4,"LET",121
"106",106,"LETENG22231e128",14,17,6,7,6,6,5,7,10,10,10,2,2,1,3,"LET",106
"107",107,"LETENG22231e129",13,17,2,7,5,5,5,10,6,10,6,2,2,1,2,"LET",93
"108",108,"LETENG22231e13",15,17,8,4,9,6,6,10,10,12,9,2,1,2,2,"LET",113
"109",109,"LETENG22231e130",10,15,7,6,4,5,5,12,9,10,7,2,1,1,3,"LET",97
"110",110,"LETENG22231e131",16,15,10,7,8,6,5,10,10,12,12,2,2,2,3,"LET",120
"111",111,"LETENG22231e132",15,16,10,5,7,5,4,10,8,14,9,2,2,2,2,"LET",111
"112",112,"LETENG22231e133",8,11,3,5,4,6,5,5,6,10,7,1,2,1,2,"LET",76
"113",113,"LETENG22231e134",16,16,9,7,9,6,5,10,7,13,11,1,1,2,4,"LET",117
"114",114,"LETENG22231e135",16,16,4,7,6,4,5,7,5,10,9,2,2,1,3,"LET",97
"115",115,"LETENG22231e136",19,18,8,7,8,5,6,11,10,13,11,2,1,2,4,"LET",125
"116",116,"LETENG22231e137",15,17,8,7,5,6,5,9,8,12,10,2,2,2,4,"LET",112
"117",117,"LETENG22231e138",18,17,8,7,8,6,6,9,7,12,10,2,1,2,3,"LET",116
"118",118,"LETENG22231e139",17,16,5,7,6,5,5,7,8,14,12,2,2,2,4,"LET",112
"119",119,"LETENG22231e14",18,17,10,7,9,6,5,12,9,12,11,1,1,2,3,"LET",123
"120",120,"LETENG22231e140",18,17,8,7,8,6,6,9,10,13,11,2,2,2,4,"LET",123
"121",121,"LETENG22231e142",19,19,6,7,7,6,6,10,10,13,11,2,2,2,4,"LET",124
"122",122,"LETENG22231e143",16,12,5,6,5,4,5,7,4,11,7,1,1,1,1,"LET",86
"123",123,"LETENG22231e144",17,18,7,6,10,5,6,8,7,14,10,2,2,2,4,"LET",118
"124",124,"LETENG22231e145",17,18,7,7,7,6,6,11,9,13,10,2,2,2,2,"LET",119
"125",125,"LETENG22231e146",18,17,8,7,8,6,6,11,7,12,10,1,1,2,2,"LET",116
"126",126,"LETENG22231e147",12,13,3,5,7,4,6,8,7,9,8,2,2,2,4,"LET",92
"127",127,"LETENG22231e148",14,17,8,6,7,4,6,12,8,13,10,2,2,0,3,"LET",112
"128",128,"LETENG22231e149",14,11,7,6,6,4,5,10,9,12,10,2,2,2,2,"LET",102
"129",129,"LETENG22231e15",20,19,8,7,7,6,6,9,10,12,11,2,2,2,3,"LET",124
"130",130,"LETENG22231e150",18,17,7,6,8,5,6,11,10,10,11,2,2,2,3,"LET",118
"131",131,"LETENG22231e151",19,19,10,7,6,6,6,12,9,12,11,2,1,2,4,"LET",126
"132",132,"LETENG22231e152",17,16,7,5,8,6,6,10,10,12,11,2,2,2,3,"LET",117
"133",133,"LETENG22231e153",20,15,4,6,6,6,6,12,10,14,11,2,2,2,3,"LET",119
"134",134,"LETENG22231e154",20,19,9,7,9,5,5,10,10,13,8,2,2,2,3,"LET",124
"135",135,"LETENG22231e155",18,18,8,6,10,6,5,11,10,13,11,2,2,2,3,"LET",125
"136",136,"LETENG22231e156",11,15,5,7,4,4,5,6,9,12,8,2,2,1,4,"LET",95
"137",137,"LETENG22231e157",17,12,4,5,6,3,6,9,7,13,7,2,2,1,4,"LET",98
"138",138,"LETENG22231e158",16,15,4,5,6,4,6,9,5,12,8,2,2,2,3,"LET",99
"139",139,"LETENG22231e159",16,17,5,6,6,5,6,12,8,13,11,1,2,2,3,"LET",113
"140",140,"LETENG22231e16",13,17,7,6,5,6,6,7,9,14,10,2,2,1,3,"LET",108
"141",141,"LETENG22231e160",18,16,8,7,9,6,5,10,7,13,8,1,2,2,3,"LET",115
"142",142,"LETENG22231e161",17,19,6,7,10,6,6,10,9,13,10,2,2,2,3,"LET",122
"143",143,"LETENG22231e162",14,15,7,7,7,6,4,11,8,12,10,2,0,1,2,"LET",106
"144",144,"LETENG22231e163",17,17,6,7,6,5,6,9,8,13,10,1,2,2,3,"LET",112
"145",145,"LETENG22231e164",17,13,9,7,8,4,5,7,7,11,9,1,2,1,1,"LET",102
"146",146,"LETENG22231e165",17,14,7,7,8,6,6,8,8,13,11,2,2,1,3,"LET",113
"147",147,"LETENG22231e166",18,12,8,6,6,5,6,8,7,12,9,1,2,0,4,"LET",104
"148",148,"LETENG22231e167",14,16,4,7,9,6,6,7,4,8,10,2,2,2,4,"LET",101
"149",149,"LETENG22231e168",16,15,6,6,4,6,5,10,10,13,10,2,2,2,4,"LET",111
"150",150,"LETENG22231e169",17,16,10,5,6,3,5,8,6,12,8,2,2,1,4,"LET",105
"151",151,"LETENG22231e17",18,17,8,6,5,5,6,11,7,13,10,2,0,1,3,"LET",112
"152",152,"LETENG22231e170",18,19,8,6,6,6,6,11,10,13,11,2,2,2,4,"LET",124
"153",153,"LETENG22231e171",14,17,8,7,8,6,5,11,10,13,10,2,2,2,4,"LET",119
"154",154,"LETENG22231e172",11,16,2,6,5,3,6,6,6,12,8,2,1,1,4,"LET",89
"155",155,"LETENG22231e173",14,18,5,7,7,5,5,6,8,12,12,2,2,2,4,"LET",109
"156",156,"LETENG22231e174",12,14,6,5,4,2,6,8,7,8,8,1,2,2,4,"LET",89
"157",157,"LETENG22231e175",14,19,6,7,7,6,6,12,10,12,12,2,2,1,3,"LET",119
"158",158,"LETENG22231e176",14,15,8,7,6,6,6,10,6,12,10,1,2,2,3,"LET",108
"159",159,"LETENG22231e177",14,15,7,7,5,5,6,9,10,11,8,2,2,2,4,"LET",107
"160",160,"LETENG22231e178",7,12,4,5,5,3,6,4,6,5,3,1,1,0,2,"LET",64
"161",161,"LETENG22231e179",12,13,8,6,6,5,6,9,7,10,9,2,1,2,0,"LET",96
"162",162,"LETENG22231e18",16,16,8,6,9,5,6,10,9,13,12,2,2,2,3,"LET",119
"163",163,"LETENG22231e180",16,16,7,6,6,4,6,11,10,14,11,2,2,2,4,"LET",117
"164",164,"LETENG22231e181",17,18,8,6,7,5,6,11,10,13,11,2,2,1,4,"LET",121
"165",165,"LETENG22231e182",18,18,8,5,7,6,5,11,9,14,11,2,2,2,4,"LET",122
"166",166,"LETENG22231e183",16,19,7,4,7,6,5,9,8,12,10,2,2,2,4,"LET",113
"167",167,"LETENG22231e184",15,14,6,7,6,5,6,10,6,9,6,1,2,2,3,"LET",98
"168",168,"LETENG22231e185",13,15,5,4,4,6,6,8,7,13,11,2,1,2,3,"LET",100
"169",169,"LETENG22231e186",18,17,7,4,6,5,6,12,10,13,10,2,2,1,3,"LET",116
"170",170,"LETENG22231e187",16,16,8,7,5,6,6,10,9,13,11,2,1,2,3,"LET",115
"171",171,"LETENG22231e188",18,15,7,7,7,6,6,10,5,11,11,2,1,2,3,"LET",111
"172",172,"LETENG22231e189",13,19,10,6,7,6,5,12,8,14,12,2,2,2,3,"LET",121
"173",173,"LETENG22231e19",16,17,8,6,8,6,6,10,6,11,11,2,2,2,4,"LET",115
"174",174,"LETENG22231e190",11,17,7,7,5,3,6,10,9,8,6,2,2,2,2,"LET",97
"175",175,"LETENG22231e191",13,12,6,6,6,3,5,10,6,12,9,2,2,2,4,"LET",98
"176",176,"LETENG22231e192",9,11,3,3,5,4,4,6,7,8,10,1,0,1,2,"LET",74
"177",177,"LETENG22231e193",12,12,7,7,7,3,4,8,6,11,8,2,2,2,2,"LET",93
"178",178,"LETENG22231e194",15,17,8,7,7,5,6,10,8,12,8,2,2,2,4,"LET",113
"179",179,"LETENG22231e195",10,7,5,3,7,1,5,3,8,7,4,1,1,0,1,"LET",63
"180",180,"LETENG22231e196",13,16,8,6,7,3,6,9,8,12,10,1,2,1,4,"LET",106
"181",181,"LETENG22231e197",9,14,5,6,5,4,5,7,6,11,8,1,2,1,2,"LET",86
"182",182,"LETENG22231e198",12,18,7,6,6,5,6,9,3,8,10,2,2,2,4,"LET",100
"183",183,"LETENG22231e199",13,15,7,7,6,6,6,8,10,14,10,2,2,2,4,"LET",112
"184",184,"LETENG22231e2",20,18,10,6,10,5,5,12,10,12,12,2,1,1,3,"LET",127
"185",185,"LETENG22231e20",18,19,10,7,10,6,6,11,10,13,12,2,2,2,4,"LET",132
"186",186,"LETENG22231e200",15,17,5,5,9,6,6,11,9,11,12,2,0,2,2,"LET",112
"187",187,"LETENG22231e201",11,11,3,5,2,4,6,2,5,9,9,1,2,1,0,"LET",71
"188",188,"LETENG22231e202",9,14,7,6,5,4,5,10,8,12,9,2,1,0,4,"LET",96
"189",189,"LETENG22231e21",17,19,8,6,7,6,6,12,9,13,11,2,2,2,4,"LET",124
"190",190,"LETENG22231e22",17,17,7,4,7,5,6,8,6,12,10,1,2,2,3,"LET",107
"191",191,"LETENG22231e23",19,17,8,6,8,6,6,12,10,13,12,2,1,2,4,"LET",126
"192",192,"LETENG22231e24",13,15,7,7,7,1,5,7,5,9,10,2,2,2,4,"LET",96
"193",193,"LETENG22231e25",19,16,8,6,6,5,6,11,10,13,11,2,1,2,3,"LET",119
"194",194,"LETENG22231e26",19,16,6,7,9,5,6,9,8,11,11,2,1,2,4,"LET",116
"195",195,"LETENG22231e27",17,18,10,6,8,6,6,11,9,13,12,2,2,2,4,"LET",126
"196",196,"LETENG22231e28",19,17,8,7,6,6,6,10,10,12,12,2,2,2,4,"LET",123
"197",197,"LETENG22231e29",17,15,4,6,3,6,5,7,6,12,11,2,2,1,4,"LET",101
"198",198,"LETENG22231e3",19,16,10,5,9,6,6,10,9,12,10,2,1,2,3,"LET",120
"199",199,"LETENG22231e30",10,12,7,4,6,1,5,10,5,8,10,2,2,1,2,"LET",85
"200",200,"LETENG22231e31",20,18,10,7,9,6,5,11,10,12,11,2,2,1,4,"LET",128
"201",201,"LETENG22231e32",14,17,5,6,6,6,6,11,8,11,6,2,1,1,4,"LET",104
"202",202,"LETENG22231e33",15,16,6,6,7,6,5,11,10,13,9,2,1,2,4,"LET",113
"203",203,"LETENG22231e34",19,16,7,7,6,5,6,11,10,14,12,2,2,2,4,"LET",123
"204",204,"LETENG22231e35",19,18,10,6,8,5,4,9,10,14,12,2,2,2,4,"LET",125
"205",205,"LETENG22231e36",18,17,7,6,8,6,6,9,6,11,8,2,2,2,4,"LET",112
"206",206,"LETENG22231e37",19,19,7,6,8,5,5,12,9,12,11,2,2,2,3,"LET",122
"207",207,"LETENG22231e38",20,17,8,7,6,6,6,12,9,12,11,2,1,2,3,"LET",122
"208",208,"LETENG22231e39",20,18,10,7,8,6,6,12,10,13,12,2,2,2,4,"LET",132
"209",209,"LETENG22231e4",14,18,10,6,5,5,5,10,8,12,8,2,1,1,4,"LET",109
"210",210,"LETENG22231e40",18,16,8,7,7,6,5,12,9,12,12,2,2,2,3,"LET",121
"211",211,"LETENG22231e41",15,13,8,5,7,2,6,10,9,10,9,1,1,1,3,"LET",100
"212",212,"LETENG22231e42",16,12,6,7,5,2,3,4,6,9,10,2,2,0,4,"LET",88
"213",213,"LETENG22231e43",19,16,8,7,6,5,6,11,7,13,10,2,2,2,4,"LET",118
"214",214,"LETENG22231e44",16,17,5,6,6,4,3,9,9,12,9,2,2,2,4,"LET",106
"215",215,"LETENG22231e45",20,18,10,7,7,5,6,12,10,13,10,2,2,2,4,"LET",128
"216",216,"LETENG22231e46",15,16,7,6,7,5,6,10,7,10,11,2,2,2,4,"LET",110
"217",217,"LETENG22231e47",17,18,8,7,6,5,5,10,8,14,11,2,1,2,4,"LET",118
"218",218,"LETENG22231e48",14,17,5,6,4,5,5,11,8,14,10,2,1,1,4,"LET",107
"219",219,"LETENG22231e49",15,16,7,5,7,6,6,10,3,11,7,2,2,2,3,"LET",102
"220",220,"LETENG22231e5",18,17,7,5,8,5,5,11,9,13,11,2,2,2,4,"LET",119
"221",221,"LETENG22231e50",14,15,10,6,6,5,6,10,8,12,11,2,1,2,4,"LET",112
"222",222,"LETENG22231e51",20,18,8,6,10,6,6,12,10,13,12,2,2,2,4,"LET",131
"223",223,"LETENG22231e52",17,16,6,7,6,6,6,11,8,12,11,1,2,2,4,"LET",115
"224",224,"LETENG22231e53",14,16,8,5,6,5,6,12,8,9,10,2,2,2,3,"LET",108
"225",225,"LETENG22231e54",17,18,8,4,8,6,5,12,9,14,10,2,1,2,3,"LET",119
"226",226,"LETENG22231e55",17,17,10,6,8,6,5,10,9,12,12,2,2,2,3,"LET",121
"227",227,"LETENG22231e56",17,17,8,6,6,5,6,11,9,13,11,2,2,2,2,"LET",117
"228",228,"LETENG22231e57",16,14,7,5,5,5,6,10,8,13,10,2,1,2,4,"LET",108
"229",229,"LETENG22231e58",15,16,7,6,9,6,6,11,6,11,10,2,2,1,3,"LET",111
"230",230,"LETENG22231e59",19,17,8,6,7,5,5,10,9,12,11,2,2,2,2,"LET",117
"231",231,"LETENG22231e6",15,18,7,7,6,6,5,9,8,13,10,2,1,2,3,"LET",112
"232",232,"LETENG22231e60",19,17,8,6,7,5,6,9,6,12,9,2,2,1,3,"LET",112
"233",233,"LETENG22231e61",18,17,10,6,9,6,6,9,9,12,9,2,1,2,4,"LET",120
"234",234,"LETENG22231e62",19,16,7,6,6,6,6,10,4,14,10,2,2,1,2,"LET",111
"235",235,"LETENG22231e63",19,17,6,6,4,5,6,9,7,14,11,2,2,2,4,"LET",114
"236",236,"LETENG22231e64",19,17,8,7,9,4,5,12,10,14,12,2,1,2,4,"LET",126
"237",237,"LETENG22231e65",17,18,6,7,9,5,5,9,7,12,10,2,2,2,4,"LET",115
"238",238,"LETENG22231e66",17,18,8,6,8,6,6,11,9,13,11,2,2,2,4,"LET",123
"239",239,"LETENG22231e67",19,18,8,5,9,6,6,10,9,14,11,2,2,2,4,"LET",125
"240",240,"LETENG22231e68",13,14,7,5,4,3,6,8,7,13,10,2,1,2,4,"LET",99
"241",241,"LETENG22231e69",17,17,10,6,9,5,6,10,9,13,10,2,2,2,4,"LET",122
"242",242,"LETENG22231e7",18,14,5,5,6,5,5,10,9,10,12,2,1,2,2,"LET",106
"243",243,"LETENG22231e70",15,17,10,6,6,6,6,11,8,12,10,2,2,1,4,"LET",116
"244",244,"LETENG22231e71",18,19,9,7,7,6,5,12,9,14,11,2,2,2,3,"LET",126
"245",245,"LETENG22231e72",18,18,8,7,9,5,6,12,9,14,12,2,2,2,3,"LET",127
"246",246,"LETENG22231e73",15,16,5,7,7,4,6,10,6,9,5,0,0,0,0,"LET",90
"247",247,"LETENG22231e74",18,16,8,7,9,6,6,11,6,14,11,2,2,2,3,"LET",121
"248",248,"LETENG22231e75",18,18,8,7,7,6,6,6,9,12,10,2,2,2,4,"LET",117
"249",249,"LETENG22231e76",17,16,10,6,9,5,5,12,10,13,12,2,2,2,4,"LET",125
"250",250,"LETENG22231e77",19,18,8,7,9,6,5,12,10,13,11,2,2,2,4,"LET",128
"251",251,"LETENG22231e78",15,16,8,7,7,5,5,10,7,11,12,2,2,2,3,"LET",112
"252",252,"LETENG22231e79",19,16,7,7,9,6,6,10,10,13,10,2,1,2,1,"LET",119
"253",253,"LETENG22231e8",20,19,8,7,10,6,6,11,10,14,11,2,1,2,3,"LET",130
"254",254,"LETENG22231e80",19,15,10,7,7,6,6,11,10,14,9,2,2,2,4,"LET",124
"255",255,"LETENG22231e81",17,13,7,6,7,5,6,10,7,11,10,2,2,2,4,"LET",109
"256",256,"LETENG22231e82",16,16,7,7,6,5,5,10,8,11,8,2,1,1,3,"LET",106
"257",257,"LETENG22231e83",19,16,10,5,8,6,6,12,10,13,11,2,1,2,4,"LET",125
"258",258,"LETENG22231e84",20,18,7,7,8,6,6,10,9,13,11,2,2,2,4,"LET",125
"259",259,"LETENG22231e85",12,14,7,7,5,3,6,6,4,11,10,2,2,2,3,"LET",94
"260",260,"LETENG22231e86",18,14,6,5,8,6,5,11,9,13,11,2,2,2,2,"LET",114
"261",261,"LETENG22231e87",15,15,5,6,6,5,5,11,4,11,8,2,2,2,2,"LET",99
"262",262,"LETENG22231e88",14,16,10,5,5,4,6,9,10,12,12,2,2,2,4,"LET",113
"263",263,"LETENG22231e89",19,16,9,4,8,4,5,12,8,13,11,2,2,2,2,"LET",117
"264",264,"LETENG22231e9",19,18,10,7,9,5,6,12,9,14,12,2,1,2,4,"LET",130
"265",265,"LETENG22231e90",18,18,10,6,7,6,6,12,10,12,9,2,2,2,3,"LET",123
"266",266,"LETENG22231e91",15,12,5,6,2,3,6,5,7,8,8,1,2,1,2,"LET",83
"267",267,"LETENG22231e92",15,17,7,7,3,5,6,6,5,11,9,2,2,1,4,"LET",100
"268",268,"LETENG22231e93",13,11,6,5,4,3,3,7,6,13,9,2,2,2,1,"LET",87
"269",269,"LETENG22231e94",15,16,6,3,7,5,5,6,4,12,9,0,2,2,3,"LET",95
"270",270,"LETENG22231e95",9,14,6,6,4,1,4,5,7,13,10,2,2,1,0,"LET",84
"271",271,"LETENG22231e96",19,19,8,7,7,6,6,11,8,13,9,0,1,0,1,"LET",115
"272",272,"LETENG22231e97",18,16,8,7,7,5,5,11,8,12,11,2,2,2,4,"LET",118
"273",273,"LETENG22231e98",16,17,8,6,7,6,6,11,3,11,11,2,2,2,3,"LET",111
"274",274,"LETENG22231e99",16,17,8,6,9,6,6,9,10,14,11,2,2,2,4,"LET",122
"275",275,"MANENG22231e1",20,16,6,7,8,6,6,10,9,12,10,2,0,2,2,"MAN",116
"276",276,"MANENG22231e10",19,18,2,5,5,6,6,11,9,13,12,2,2,2,3,"MAN",115
"277",277,"MANENG22231e100",16,12,6,5,4,6,5,7,9,14,9,2,1,2,3,"MAN",101
"278",278,"MANENG22231e101",15,18,6,6,6,6,5,9,7,13,10,2,2,2,3,"MAN",110
"279",279,"MANENG22231e102",13,16,6,7,6,3,6,11,3,9,7,2,1,2,3,"MAN",95
"280",280,"MANENG22231e103",16,19,6,7,9,5,6,7,6,12,8,2,1,2,3,"MAN",109
"281",281,"MANENG22231e104",16,16,6,6,8,4,6,10,7,14,12,2,2,2,1,"MAN",112
"282",282,"MANENG22231e105",15,15,6,6,5,4,5,6,6,7,5,1,1,1,1,"MAN",84
"283",283,"MANENG22231e106",16,14,6,5,5,5,6,10,9,14,8,2,2,2,0,"MAN",104
"284",284,"MANENG22231e107",14,11,2,5,4,2,6,7,4,7,5,1,1,2,1,"MAN",72
"285",285,"MANENG22231e108",16,13,5,7,7,4,6,11,6,12,9,2,1,2,4,"MAN",105
"286",286,"MANENG22231e109",11,11,4,4,6,3,6,7,2,10,8,2,1,2,1,"MAN",78
"287",287,"MANENG22231e11",18,19,6,7,10,6,5,11,10,14,11,2,1,2,3,"MAN",125
"288",288,"MANENG22231e110",15,15,2,2,2,5,6,10,9,13,8,2,1,0,1,"MAN",91
"289",289,"MANENG22231e111",14,17,6,6,6,5,6,11,9,12,9,2,2,2,4,"MAN",111
"290",290,"MANENG22231e112",18,14,3,6,6,2,6,6,7,13,11,2,1,1,2,"MAN",98
"291",291,"MANENG22231e113",18,17,4,6,8,6,5,9,7,13,11,2,1,2,3,"MAN",112
"292",292,"MANENG22231e114",19,18,6,6,8,6,5,12,10,12,10,2,2,2,3,"MAN",121
"293",293,"MANENG22231e115",15,12,4,4,6,5,6,1,1,10,8,2,0,0,1,"MAN",75
"294",294,"MANENG22231e116",17,15,4,7,5,4,6,8,10,12,10,1,1,1,4,"MAN",105
"295",295,"MANENG22231e117",11,11,2,4,4,2,5,4,4,9,6,1,2,1,0,"MAN",66
"296",296,"MANENG22231e118",15,14,5,7,9,4,5,6,4,12,6,0,0,0,0,"MAN",87
"297",297,"MANENG22231e119",16,15,6,7,6,5,6,9,9,14,10,2,2,2,4,"MAN",113
"298",298,"MANENG22231e12",17,19,6,6,7,6,5,6,6,13,9,1,2,2,4,"MAN",109
"299",299,"MANENG22231e120",17,17,5,6,5,4,6,8,5,14,10,2,2,2,4,"MAN",107
"300",300,"MANENG22231e121",15,16,2,5,2,0,5,3,7,9,9,1,1,2,3,"MAN",80
"301",301,"MANENG22231e122",16,17,5,4,5,5,6,7,8,11,9,2,1,1,3,"MAN",100
"302",302,"MANENG22231e123",15,15,5,6,7,5,6,10,9,13,12,2,2,2,3,"MAN",112
"303",303,"MANENG22231e124",17,14,6,7,6,5,6,9,8,13,9,2,1,2,3,"MAN",108
"304",304,"MANENG22231e125",15,17,2,7,3,4,6,10,8,13,10,2,2,2,4,"MAN",105
"305",305,"MANENG22231e126",15,14,5,6,4,4,5,8,6,14,9,2,2,2,4,"MAN",100
"306",306,"MANENG22231e127",10,16,3,7,6,4,4,7,5,12,10,0,2,1,4,"MAN",91
"307",307,"MANENG22231e128",13,9,3,4,4,3,5,9,5,10,9,2,2,2,2,"MAN",82
"308",308,"MANENG22231e129",11,9,3,1,5,3,5,5,6,7,4,2,0,1,1,"MAN",63
"309",309,"MANENG22231e13",19,19,8,5,9,6,6,12,9,13,11,2,2,2,4,"MAN",127
"310",310,"MANENG22231e130",16,13,4,6,3,3,5,5,5,10,11,1,2,2,4,"MAN",90
"311",311,"MANENG22231e131",16,16,5,6,4,4,4,10,9,13,9,2,2,1,4,"MAN",105
"312",312,"MANENG22231e132",14,15,4,4,5,4,5,11,9,11,11,2,2,2,4,"MAN",103
"313",313,"MANENG22231e133",16,16,6,4,6,4,5,9,6,12,9,2,2,1,2,"MAN",100
"314",314,"MANENG22231e134",17,17,4,7,7,6,5,11,7,14,10,2,1,2,3,"MAN",113
"315",315,"MANENG22231e135",12,16,6,5,6,5,6,10,7,9,9,2,2,1,4,"MAN",100
"316",316,"MANENG22231e136",12,9,5,7,5,2,4,5,8,8,6,0,2,1,2,"MAN",76
"317",317,"MANENG22231e137",12,9,5,4,6,4,6,11,7,10,6,2,1,1,1,"MAN",85
"318",318,"MANENG22231e138",13,13,6,5,6,4,6,9,5,10,8,2,1,2,0,"MAN",90
"319",319,"MANENG22231e139",13,15,5,5,6,4,6,8,8,14,8,2,1,1,4,"MAN",100
"320",320,"MANENG22231e14",20,16,8,7,9,6,6,10,9,14,10,2,1,2,4,"MAN",124
"321",321,"MANENG22231e140",13,17,6,5,7,5,5,9,4,11,0,0,0,0,0,"MAN",82
"322",322,"MANENG22231e141",14,12,3,3,4,3,6,8,6,12,10,1,1,2,0,"MAN",85
"323",323,"MANENG22231e142",13,16,5,7,4,5,6,8,6,13,8,2,2,2,1,"MAN",98
"324",324,"MANENG22231e143",13,8,5,6,4,3,4,7,7,9,11,2,2,1,0,"MAN",82
"325",325,"MANENG22231e144",15,12,6,6,7,4,6,0,6,0,9,0,0,0,0,"MAN",71
"326",326,"MANENG22231e145",20,17,3,6,3,4,6,7,8,11,11,2,0,0,0,"MAN",98
"327",327,"MANENG22231e146",19,12,3,5,2,2,6,12,9,14,10,2,2,2,4,"MAN",104
"328",328,"MANENG22231e147",14,15,2,6,6,3,5,7,6,14,9,2,2,2,4,"MAN",97
"329",329,"MANENG22231e148",17,9,4,5,6,2,5,9,7,13,10,2,2,2,4,"MAN",97
"330",330,"MANENG22231e149",18,19,5,3,7,6,5,9,10,13,10,2,1,2,3,"MAN",113
"331",331,"MANENG22231e15",19,15,6,3,6,6,5,11,8,12,10,2,2,2,3,"MAN",110
"332",332,"MANENG22231e150",18,17,4,5,5,3,5,9,10,13,11,2,1,2,3,"MAN",108
"333",333,"MANENG22231e151",16,17,6,6,8,3,6,7,8,12,12,2,2,2,4,"MAN",111
"334",334,"MANENG22231e152",15,17,4,7,6,5,5,10,8,14,11,2,2,2,4,"MAN",112
"335",335,"MANENG22231e153",16,18,4,5,7,6,6,10,7,13,10,2,2,2,4,"MAN",112
"336",336,"MANENG22231e154",17,17,5,5,5,4,6,11,10,13,9,2,2,2,3,"MAN",111
"337",337,"MANENG22231e155",18,16,5,7,6,6,6,11,8,14,12,2,1,1,4,"MAN",117
"338",338,"MANENG22231e156",17,15,6,4,3,5,6,12,9,11,12,2,2,1,4,"MAN",109
"339",339,"MANENG22231e157",18,19,6,6,7,4,6,11,10,13,10,2,1,2,3,"MAN",118
"340",340,"MANENG22231e158",17,16,3,7,5,4,5,9,9,14,11,2,2,2,3,"MAN",109
"341",341,"MANENG22231e159",17,16,6,5,4,4,6,10,10,14,11,2,2,2,4,"MAN",113
"342",342,"MANENG22231e16",18,19,6,6,6,6,6,11,9,14,10,2,2,2,3,"MAN",120
"343",343,"MANENG22231e160",17,16,6,4,5,6,5,10,9,13,10,2,2,2,2,"MAN",109
"344",344,"MANENG22231e161",15,17,3,3,5,4,6,10,8,14,8,0,2,2,4,"MAN",101
"345",345,"MANENG22231e162",17,16,4,6,7,5,6,8,8,12,11,2,2,1,4,"MAN",109
"346",346,"MANENG22231e163",18,18,8,4,6,5,6,12,9,13,10,2,2,2,3,"MAN",118
"347",347,"MANENG22231e164",19,16,8,7,8,6,6,10,9,11,11,2,1,1,4,"MAN",119
"348",348,"MANENG22231e165",17,14,2,7,6,4,6,10,9,14,12,2,2,2,3,"MAN",110
"349",349,"MANENG22231e166",13,14,2,3,6,5,5,12,7,14,10,2,2,2,3,"MAN",100
"350",350,"MANENG22231e167",15,15,4,6,7,5,3,8,8,11,11,2,2,2,4,"MAN",103
"351",351,"MANENG22231e168",15,16,4,7,6,4,6,11,8,13,10,2,2,2,4,"MAN",110
"352",352,"MANENG22231e169",13,17,5,7,6,5,6,5,6,11,8,2,2,2,0,"MAN",95
"353",353,"MANENG22231e17",17,18,6,7,9,6,5,9,10,13,10,2,2,2,4,"MAN",120
"354",354,"MANENG22231e170",14,15,5,6,5,5,6,6,4,12,6,2,2,2,3,"MAN",93
"355",355,"MANENG22231e171",13,16,6,3,5,4,5,10,8,12,10,2,1,2,3,"MAN",100
"356",356,"MANENG22231e172",17,17,4,6,4,6,6,8,8,14,10,2,2,2,4,"MAN",110
"357",357,"MANENG22231e173",15,15,1,5,6,2,5,7,7,13,6,1,1,0,3,"MAN",87
"358",358,"MANENG22231e174",16,17,5,7,6,5,3,10,7,14,9,2,2,2,3,"MAN",108
"359",359,"MANENG22231e175",17,12,3,6,2,3,6,10,8,12,10,2,2,1,3,"MAN",97
"360",360,"MANENG22231e176",14,14,5,7,3,6,6,7,9,12,10,1,2,1,3,"MAN",100
"361",361,"MANENG22231e177",14,15,2,4,4,5,6,6,8,11,6,2,2,2,2,"MAN",89
"362",362,"MANENG22231e178",19,18,8,6,8,6,6,12,9,14,12,2,2,2,4,"MAN",128
"363",363,"MANENG22231e179",18,17,5,6,7,6,6,11,10,13,10,2,1,2,1,"MAN",115
"364",364,"MANENG22231e18",14,12,6,6,4,5,5,8,8,12,7,2,2,2,2,"MAN",95
"365",365,"MANENG22231e180",19,15,8,7,6,6,6,11,10,14,11,2,2,2,4,"MAN",123
"366",366,"MANENG22231e181",18,17,6,5,5,5,6,11,9,13,12,2,2,2,4,"MAN",117
"367",367,"MANENG22231e182",17,14,3,7,6,6,5,10,5,12,10,1,2,2,4,"MAN",104
"368",368,"MANENG22231e183",18,16,2,5,5,4,6,10,10,12,12,2,1,2,4,"MAN",109
"369",369,"MANENG22231e184",18,13,2,5,5,6,6,8,9,12,9,2,2,2,3,"MAN",102
"370",370,"MANENG22231e185",19,19,6,6,8,6,6,10,8,13,11,2,2,2,4,"MAN",122
"371",371,"MANENG22231e186",14,15,4,4,5,5,5,5,6,8,4,1,2,0,4,"MAN",82
"372",372,"MANENG22231e187",15,16,8,7,6,6,5,11,10,14,11,2,1,2,3,"MAN",117
"373",373,"MANENG22231e188",15,16,6,7,5,6,6,6,7,12,11,2,1,2,3,"MAN",105
"374",374,"MANENG22231e189",16,15,6,7,3,5,6,8,9,14,7,2,1,2,4,"MAN",105
"375",375,"MANENG22231e19",14,7,2,4,2,5,6,6,6,11,7,2,1,1,1,"MAN",75
"376",376,"MANENG22231e190",16,12,0,6,5,2,6,8,9,11,9,2,1,1,4,"MAN",92
"377",377,"MANENG22231e191",14,9,2,5,6,3,5,4,7,13,9,2,2,2,3,"MAN",86
"378",378,"MANENG22231e192",14,8,3,6,2,1,6,8,7,11,8,2,2,0,1,"MAN",79
"379",379,"MANENG22231e193",14,14,4,5,6,5,5,9,9,14,12,2,2,2,3,"MAN",106
"380",380,"MANENG22231e194",15,15,5,6,7,5,6,11,7,14,9,1,2,2,3,"MAN",108
"381",381,"MANENG22231e195",16,15,6,6,6,3,6,9,7,14,11,2,2,1,2,"MAN",106
"382",382,"MANENG22231e196",16,16,6,5,6,6,6,10,6,12,11,2,2,2,4,"MAN",110
"383",383,"MANENG22231e197",18,16,8,7,6,5,5,10,9,14,10,1,1,2,3,"MAN",115
"384",384,"MANENG22231e198",15,14,3,7,4,3,5,8,9,13,8,2,1,2,4,"MAN",98
"385",385,"MANENG22231e199",14,16,3,6,5,5,6,11,6,14,10,2,2,2,4,"MAN",106
"386",386,"MANENG22231e2",19,18,8,7,6,6,6,11,8,14,9,2,2,2,3,"MAN",121
"387",387,"MANENG22231e20",17,18,6,6,7,6,5,9,7,13,10,2,2,2,4,"MAN",114
"388",388,"MANENG22231e200",13,17,6,6,9,5,5,10,9,14,11,2,2,2,4,"MAN",115
"389",389,"MANENG22231e201",13,15,3,7,3,4,6,12,5,11,8,2,2,2,1,"MAN",94
"390",390,"MANENG22231e202",14,11,3,7,6,4,5,10,7,13,10,2,2,1,4,"MAN",99
"391",391,"MANENG22231e203",15,13,5,7,3,2,5,6,6,10,11,2,2,2,0,"MAN",89
"392",392,"MANENG22231e204",17,17,5,7,6,5,6,9,8,13,8,2,2,2,4,"MAN",111
"393",393,"MANENG22231e205",14,15,5,5,6,5,4,9,7,12,8,2,2,2,1,"MAN",97
"394",394,"MANENG22231e206",10,16,4,5,6,2,2,7,8,11,8,1,2,2,2,"MAN",86
"395",395,"MANENG22231e207",12,14,4,7,5,5,5,8,2,13,9,2,2,2,4,"MAN",94
"396",396,"MANENG22231e208",13,18,5,7,5,4,5,10,8,12,10,1,2,1,3,"MAN",104
"397",397,"MANENG22231e209",12,14,3,5,2,3,6,5,7,9,11,1,0,1,2,"MAN",81
"398",398,"MANENG22231e21",15,18,6,7,5,5,6,11,7,14,12,2,2,2,2,"MAN",114
"399",399,"MANENG22231e210",18,17,6,7,9,6,5,9,6,11,10,2,2,1,3,"MAN",112
"400",400,"MANENG22231e211",16,18,6,6,6,5,6,8,8,12,11,2,2,2,4,"MAN",112
"401",401,"MANENG22231e212",15,17,2,7,7,6,6,10,8,13,10,2,1,2,3,"MAN",109
"402",402,"MANENG22231e213",15,12,6,6,5,4,6,7,7,13,10,2,2,2,2,"MAN",99
"403",403,"MANENG22231e214",14,16,5,3,8,3,6,7,7,12,6,2,1,0,1,"MAN",91
"404",404,"MANENG22231e215",18,15,5,7,7,5,5,1,8,14,11,2,2,1,0,"MAN",101
"405",405,"MANENG22231e216",18,16,5,5,8,4,6,5,9,14,11,2,1,2,3,"MAN",109
"406",406,"MANENG22231e217",17,16,4,7,6,3,6,8,7,11,7,0,0,0,0,"MAN",92
"407",407,"MANENG22231e218",18,19,5,3,6,6,6,9,9,12,11,2,2,2,3,"MAN",113
"408",408,"MANENG22231e219",13,17,8,7,6,2,4,8,7,14,8,1,2,2,1,"MAN",100
"409",409,"MANENG22231e22",20,17,6,7,6,6,6,11,10,13,11,2,2,2,4,"MAN",123
"410",410,"MANENG22231e221",15,15,2,5,7,5,5,9,7,13,6,2,1,2,3,"MAN",97
"411",411,"MANENG22231e223",17,17,6,6,6,6,6,11,10,14,10,2,2,2,4,"MAN",119
"412",412,"MANENG22231e224",16,17,4,2,2,4,6,11,9,14,12,2,1,2,3,"MAN",105
"413",413,"MANENG22231e225",14,17,5,2,6,4,5,7,8,12,8,2,2,2,3,"MAN",97
"414",414,"MANENG22231e226",19,15,5,6,7,6,6,11,10,11,11,2,2,1,3,"MAN",115
"415",415,"MANENG22231e227",19,15,3,7,4,6,4,5,8,14,11,2,2,2,4,"MAN",106
"416",416,"MANENG22231e228",17,18,6,7,7,6,4,10,9,14,12,2,1,2,4,"MAN",119
"417",417,"MANENG22231e229",17,18,8,7,7,5,5,9,10,13,11,2,2,2,1,"MAN",117
"418",418,"MANENG22231e23",15,15,5,5,5,2,4,8,7,11,6,1,2,2,2,"MAN",90
"419",419,"MANENG22231e230",17,17,6,7,5,5,6,10,9,13,10,2,2,1,2,"MAN",112
"420",420,"MANENG22231e231",15,13,4,5,5,4,6,7,8,10,7,2,1,2,2,"MAN",91
"421",421,"MANENG22231e232",12,14,3,4,5,5,5,8,4,11,6,1,0,1,1,"MAN",80
"422",422,"MANENG22231e234",14,12,3,5,4,2,6,7,7,13,8,1,2,2,2,"MAN",88
"423",423,"MANENG22231e235",18,18,5,6,6,5,6,9,10,14,10,2,1,2,3,"MAN",115
"424",424,"MANENG22231e236",8,9,3,4,2,4,4,7,3,6,7,1,2,2,1,"MAN",63
"425",425,"MANENG22231e237",16,16,4,6,4,6,5,11,7,14,11,2,2,2,3,"MAN",109
"426",426,"MANENG22231e238",19,15,5,7,8,3,5,8,8,14,11,2,1,1,4,"MAN",111
"427",427,"MANENG22231e239",14,14,1,2,2,3,4,6,9,10,9,2,1,2,4,"MAN",83
"428",428,"MANENG22231e24",17,13,4,4,5,6,6,11,7,14,11,2,2,2,3,"MAN",107
"429",429,"MANENG22231e240",19,18,6,5,6,6,6,12,9,12,10,2,2,2,4,"MAN",119
"430",430,"MANENG22231e241",13,8,2,5,3,4,4,6,5,10,5,2,2,0,1,"MAN",70
"431",431,"MANENG22231e242",17,14,5,6,6,5,5,10,7,11,9,2,1,1,4,"MAN",103
"432",432,"MANENG22231e243",13,15,5,5,4,4,5,5,9,14,11,2,2,1,4,"MAN",99
"433",433,"MANENG22231e244",10,8,2,5,3,4,3,6,7,10,7,2,2,1,3,"MAN",73
"434",434,"MANENG22231e245",16,17,6,6,8,6,6,11,9,13,11,2,2,2,4,"MAN",119
"435",435,"MANENG22231e246",14,14,4,7,4,1,6,10,6,13,9,2,2,2,0,"MAN",94
"436",436,"MANENG22231e247",16,13,1,6,3,3,6,10,8,13,10,2,2,2,1,"MAN",96
"437",437,"MANENG22231e248",14,13,5,7,4,2,5,9,7,12,10,2,1,2,3,"MAN",96
"438",438,"MANENG22231e249",13,17,3,6,2,4,6,10,8,13,6,2,2,2,2,"MAN",96
"439",439,"MANENG22231e25",15,14,1,2,5,4,6,5,6,11,8,2,1,1,0,"MAN",81
"440",440,"MANENG22231e250",14,12,4,7,5,2,5,7,4,13,10,2,2,2,3,"MAN",92
"441",441,"MANENG22231e251",15,15,3,7,7,5,6,5,7,11,9,2,2,1,2,"MAN",97
"442",442,"MANENG22231e253",9,9,2,5,3,1,6,6,3,8,4,1,2,2,0,"MAN",61
"443",443,"MANENG22231e254",17,15,4,5,2,0,4,7,7,14,10,2,2,2,2,"MAN",93
"444",444,"MANENG22231e26",16,17,5,4,6,6,5,12,9,13,12,2,2,2,4,"MAN",115
"445",445,"MANENG22231e27",14,16,5,7,5,2,4,10,9,12,9,2,2,2,4,"MAN",103
"446",446,"MANENG22231e28",13,16,5,5,5,5,5,7,10,12,8,2,2,2,4,"MAN",101
"447",447,"MANENG22231e29",16,18,8,5,8,6,6,10,10,13,12,1,1,2,4,"MAN",120
"448",448,"MANENG22231e3",19,19,8,7,8,6,6,9,10,14,9,2,2,2,3,"MAN",124
"449",449,"MANENG22231e30",18,18,6,7,8,6,5,11,10,14,11,2,2,2,4,"MAN",124
"450",450,"MANENG22231e31",13,18,4,5,6,4,4,7,7,11,9,2,2,2,3,"MAN",97
"451",451,"MANENG22231e32",17,16,5,7,8,5,6,10,8,14,9,2,1,2,3,"MAN",113
"452",452,"MANENG22231e33",16,17,6,7,5,5,6,9,8,14,10,2,0,2,4,"MAN",111
"453",453,"MANENG22231e34",19,19,5,5,7,5,6,11,8,14,11,1,2,2,4,"MAN",119
"454",454,"MANENG22231e35",19,16,4,7,6,4,6,10,9,14,12,2,0,2,3,"MAN",114
"455",455,"MANENG22231e36",15,18,6,6,9,6,6,11,9,14,12,2,2,2,4,"MAN",122
"456",456,"MANENG22231e37",16,17,4,5,4,6,6,9,9,14,9,1,2,2,3,"MAN",107
"457",457,"MANENG22231e38",16,13,4,6,6,5,5,10,7,13,10,2,2,2,4,"MAN",105
"458",458,"MANENG22231e39",19,18,5,7,8,5,5,9,10,14,11,2,1,2,3,"MAN",119
"459",459,"MANENG22231e4",14,17,5,6,6,5,4,9,6,14,6,2,2,2,0,"MAN",98
"460",460,"MANENG22231e40",17,18,5,7,5,6,6,11,5,14,9,2,2,2,4,"MAN",113
"461",461,"MANENG22231e41",17,15,6,6,2,4,4,9,8,14,10,2,2,2,1,"MAN",102
"462",462,"MANENG22231e42",16,16,3,5,5,4,4,9,7,14,9,1,2,2,4,"MAN",101
"463",463,"MANENG22231e43",15,15,5,4,5,6,5,9,8,14,10,2,2,2,4,"MAN",106
"464",464,"MANENG22231e44",17,14,5,6,7,6,6,9,9,11,11,2,2,1,4,"MAN",110
"465",465,"MANENG22231e45",16,12,5,6,8,4,5,9,8,11,10,2,2,2,2,"MAN",102
"466",466,"MANENG22231e46",20,18,8,7,9,5,6,10,9,14,11,2,2,2,2,"MAN",125
"467",467,"MANENG22231e47",17,13,5,3,5,3,5,8,8,11,9,2,2,2,3,"MAN",96
"468",468,"MANENG22231e48",17,15,6,4,9,4,6,9,9,13,8,1,2,2,2,"MAN",107
"469",469,"MANENG22231e49",13,16,4,3,7,5,6,10,8,12,7,1,2,2,3,"MAN",99
"470",470,"MANENG22231e5",16,19,5,4,8,5,5,9,9,13,11,2,0,2,3,"MAN",111
"471",471,"MANENG22231e50",19,18,6,6,7,6,6,12,10,14,11,2,2,2,3,"MAN",124
"472",472,"MANENG22231e51",17,17,6,6,8,4,6,7,7,14,11,2,2,2,4,"MAN",113
"473",473,"MANENG22231e52",17,11,5,7,7,4,6,10,8,12,9,2,2,2,4,"MAN",106
"474",474,"MANENG22231e53",18,17,6,7,8,6,6,12,8,14,12,2,2,2,4,"MAN",124
"475",475,"MANENG22231e54",15,15,6,5,5,5,6,6,8,11,8,2,2,0,2,"MAN",96
"476",476,"MANENG22231e55",18,15,6,6,4,5,6,10,8,14,10,2,1,2,4,"MAN",111
"477",477,"MANENG22231e56",16,15,4,5,6,5,6,12,7,14,10,2,2,1,2,"MAN",107
"478",478,"MANENG22231e57",13,16,3,5,6,5,6,12,8,14,7,2,2,1,2,"MAN",102
"479",479,"MANENG22231e58",9,17,5,5,7,4,5,10,6,11,9,2,2,2,2,"MAN",96
"480",480,"MANENG22231e59",15,15,3,4,7,4,5,9,8,12,9,2,2,2,2,"MAN",99
"481",481,"MANENG22231e6",17,18,6,7,6,5,4,11,9,14,10,2,2,2,2,"MAN",115
"482",482,"MANENG22231e60",20,16,8,6,8,5,6,11,7,13,11,2,1,1,3,"MAN",118
"483",483,"MANENG22231e61",17,17,5,7,7,6,6,12,8,14,10,2,2,1,4,"MAN",118
"484",484,"MANENG22231e62",19,16,6,6,7,5,6,10,5,13,10,2,2,1,3,"MAN",111
"485",485,"MANENG22231e63",18,18,6,6,6,6,6,12,8,14,11,2,2,1,3,"MAN",119
"486",486,"MANENG22231e64",13,14,5,4,4,3,6,10,7,13,7,1,2,2,3,"MAN",94
"487",487,"MANENG22231e65",16,17,5,6,5,4,6,8,7,13,10,2,2,2,3,"MAN",106
"488",488,"MANENG22231e66",19,17,6,7,7,6,5,11,9,14,9,2,2,2,4,"MAN",120
"489",489,"MANENG22231e67",14,13,5,5,5,3,3,8,4,9,9,2,2,2,3,"MAN",87
"490",490,"MANENG22231e68",15,12,3,6,3,5,5,12,8,11,10,2,2,2,2,"MAN",98
"491",491,"MANENG22231e69",17,19,6,5,6,6,5,9,8,13,10,2,2,1,0,"MAN",109
"492",492,"MANENG22231e7",12,9,2,6,5,2,5,6,5,11,5,1,0,0,2,"MAN",71
"493",493,"MANENG22231e70",14,10,3,7,2,3,5,7,5,11,9,2,1,0,2,"MAN",81
"494",494,"MANENG22231e71",19,17,5,6,5,5,6,8,8,12,11,2,1,1,4,"MAN",110
"495",495,"MANENG22231e72",16,18,6,7,7,4,5,11,4,12,9,2,2,1,4,"MAN",108
"496",496,"MANENG22231e73",15,13,4,5,7,6,6,9,8,14,10,2,2,2,4,"MAN",107
"497",497,"MANENG22231e74",16,15,6,3,3,6,5,9,10,13,12,2,2,2,3,"MAN",107
"498",498,"MANENG22231e75",17,14,2,6,7,4,6,9,6,8,7,2,2,1,2,"MAN",93
"499",499,"MANENG22231e76",17,18,6,5,5,6,5,7,7,10,5,1,1,1,0,"MAN",94
"500",500,"MANENG22231e77",17,17,5,7,6,6,6,10,6,13,12,1,2,1,4,"MAN",113
"501",501,"MANENG22231e78",20,16,6,4,4,4,6,7,9,14,11,2,1,1,4,"MAN",109
"502",502,"MANENG22231e79",13,15,5,6,7,4,5,8,7,8,9,2,2,2,4,"MAN",97
"503",503,"MANENG22231e8",16,16,2,6,3,5,6,6,9,14,12,2,2,2,4,"MAN",105
"504",504,"MANENG22231e80",15,14,4,6,5,4,5,6,8,14,10,2,2,1,0,"MAN",96
"505",505,"MANENG22231e81",12,15,4,5,8,5,6,10,9,13,10,2,2,2,2,"MAN",105
"506",506,"MANENG22231e82",18,12,6,5,8,5,3,5,5,11,4,2,0,1,2,"MAN",87
"507",507,"MANENG22231e83",18,17,1,3,4,2,6,3,9,10,10,2,1,1,4,"MAN",91
"508",508,"MANENG22231e84",14,14,4,7,6,5,6,6,8,12,6,1,1,2,1,"MAN",93
"509",509,"MANENG22231e85",19,17,4,7,7,5,5,12,8,13,10,2,2,2,3,"MAN",116
"510",510,"MANENG22231e86",16,18,8,6,7,6,6,12,9,14,10,2,2,1,3,"MAN",120
"511",511,"MANENG22231e87",16,14,2,6,4,5,4,7,7,10,7,2,1,2,2,"MAN",89
"512",512,"MANENG22231e88",18,16,4,7,6,6,6,11,7,13,11,2,1,2,3,"MAN",113
"513",513,"MANENG22231e89",15,16,5,6,3,4,6,12,7,13,7,1,2,2,4,"MAN",103
"514",514,"MANENG22231e9",14,16,5,6,7,5,6,12,8,12,7,1,2,1,3,"MAN",105
"515",515,"MANENG22231e90",17,14,5,7,8,4,5,8,6,13,8,1,2,2,4,"MAN",104
"516",516,"MANENG22231e91",13,12,6,7,7,6,5,11,6,14,10,2,1,2,4,"MAN",106
"517",517,"MANENG22231e92",16,14,4,5,3,4,6,12,8,13,8,2,2,1,2,"MAN",100
"518",518,"MANENG22231e93",15,16,3,6,4,5,5,10,6,11,9,2,2,2,3,"MAN",99
"519",519,"MANENG22231e94",12,10,3,3,3,3,6,5,4,7,6,2,2,1,2,"MAN",69
"520",520,"MANENG22231e95",14,12,4,4,3,3,3,5,9,11,8,2,1,2,1,"MAN",82
"521",521,"MANENG22231e96",17,13,4,5,5,4,6,10,9,14,10,2,1,2,3,"MAN",105
"522",522,"MANENG22231e97",20,18,6,6,9,5,6,9,10,14,10,1,2,2,2,"MAN",120
"523",523,"MANENG22231e98",15,15,8,7,6,6,6,12,7,13,11,2,1,2,2,"MAN",113
"524",524,"MANENG22231e99",17,17,6,5,7,6,6,11,7,13,9,2,1,1,3,"MAN",111
"525",525,"NWIENG22231e1",18,14,4,5,4,4,6,11,9,11,11,2,1,2,3,"NWI",105
"526",526,"NWIENG22231e10",20,18,6,6,7,6,6,12,10,14,11,2,2,2,4,"NWI",126
"527",527,"NWIENG22231e11",16,16,3,6,2,5,5,7,9,14,9,2,2,2,4,"NWI",102
"528",528,"NWIENG22231e12",17,18,6,6,8,5,5,10,9,12,11,2,1,1,4,"NWI",115
"529",529,"NWIENG22231e13",18,18,5,4,6,5,5,10,9,11,9,2,2,2,4,"NWI",110
"530",530,"NWIENG22231e14",19,16,5,3,6,4,5,9,8,11,10,2,1,2,4,"NWI",105
"531",531,"NWIENG22231e15",20,17,6,7,8,6,6,11,10,11,9,2,2,2,3,"NWI",120
"532",532,"NWIENG22231e16",12,14,5,7,6,4,5,7,7,11,6,2,2,0,1,"NWI",89
"533",533,"NWIENG22231e17",16,15,2,5,7,2,0,3,6,0,9,0,2,0,3,"NWI",70
"534",534,"NWIENG22231e2",20,18,8,7,8,6,6,11,10,14,10,2,2,2,2,"NWI",126
"535",535,"NWIENG22231e3",17,16,8,4,7,5,6,8,8,11,9,2,2,2,3,"NWI",108
"536",536,"NWIENG22231e4",19,15,6,7,8,4,5,9,9,14,9,2,2,2,2,"NWI",113
"537",537,"NWIENG22231e5",17,16,6,7,6,6,5,10,10,13,8,2,2,2,4,"NWI",114
"538",538,"NWIENG22231e6",16,15,5,6,6,6,4,12,10,14,10,2,2,2,4,"NWI",114
"539",539,"NWIENG22231e7",15,13,5,6,7,5,4,10,8,9,10,2,2,2,0,"NWI",98
"540",540,"NWIENG22231e8",19,14,8,7,7,6,6,7,7,12,9,1,2,1,4,"NWI",110
"541",541,"NWIENG22231e9",19,17,4,6,5,6,6,11,10,13,12,2,1,2,4,"NWI",118
"542",542,"SOWENG22231e1",18,18,6,6,9,6,6,9,10,14,12,2,2,2,4,"SOW",124
"543",543,"SOWENG22231e10",17,17,5,6,9,6,6,11,10,14,11,2,2,2,3,"SOW",121
"544",544,"SOWENG22231e100",19,16,6,7,7,5,6,7,7,12,9,2,2,2,2,"SOW",109
"545",545,"SOWENG22231e101",19,16,3,6,6,4,6,10,9,13,12,2,2,2,4,"SOW",114
"546",546,"SOWENG22231e102",15,14,4,7,7,3,6,9,7,13,10,2,2,2,1,"SOW",102
"547",547,"SOWENG22231e103",20,19,6,7,8,5,6,9,9,14,9,2,2,1,4,"SOW",121
"548",548,"SOWENG22231e104",15,16,6,7,6,5,4,8,8,12,9,2,0,1,1,"SOW",100
"549",549,"SOWENG22231e105",15,16,5,5,7,5,6,9,9,13,11,2,2,2,2,"SOW",109
"550",550,"SOWENG22231e106",19,16,5,7,6,6,6,11,7,13,12,2,2,2,4,"SOW",118
"551",551,"SOWENG22231e107",16,16,3,3,6,5,6,9,8,12,9,2,2,2,4,"SOW",103
"552",552,"SOWENG22231e108",17,15,5,7,7,6,6,10,7,13,11,2,2,2,4,"SOW",114
"553",553,"SOWENG22231e109",19,16,6,4,8,4,6,8,9,13,11,1,2,2,3,"SOW",112
"554",554,"SOWENG22231e11",16,17,8,6,7,6,6,9,10,13,11,2,1,2,4,"SOW",118
"555",555,"SOWENG22231e110",16,13,3,5,5,5,6,9,9,13,9,2,2,2,2,"SOW",101
"556",556,"SOWENG22231e111",17,17,6,6,4,5,6,11,10,14,10,2,2,1,4,"SOW",115
"557",557,"SOWENG22231e112",19,15,4,5,6,6,5,12,10,13,10,2,2,2,4,"SOW",115
"558",558,"SOWENG22231e113",20,16,4,7,7,6,5,8,9,14,11,2,1,2,3,"SOW",115
"559",559,"SOWENG22231e114",20,15,8,7,7,5,6,11,7,13,10,2,1,1,3,"SOW",116
"560",560,"SOWENG22231e115",15,16,4,7,8,5,6,9,8,10,10,2,2,2,2,"SOW",106
"561",561,"SOWENG22231e116",20,15,4,5,6,6,5,7,8,14,9,2,2,2,3,"SOW",108
"562",562,"SOWENG22231e117",14,15,4,6,6,3,6,8,4,13,10,2,2,1,3,"SOW",97
"563",563,"SOWENG22231e118",19,17,8,7,8,5,6,11,8,14,10,2,2,1,4,"SOW",122
"564",564,"SOWENG22231e119",17,18,6,7,5,5,6,12,8,13,12,2,2,2,3,"SOW",118
"565",565,"SOWENG22231e12",16,15,5,6,6,6,5,9,7,10,9,2,2,0,4,"SOW",102
"566",566,"SOWENG22231e120",19,16,5,5,9,6,6,10,8,14,11,2,2,2,3,"SOW",118
"567",567,"SOWENG22231e121",18,19,8,6,6,6,6,10,8,12,12,1,2,2,4,"SOW",120
"568",568,"SOWENG22231e122",18,17,6,6,8,4,6,11,10,13,12,2,1,2,4,"SOW",120
"569",569,"SOWENG22231e123",16,16,6,5,8,6,4,8,7,12,9,1,2,1,3,"SOW",104
"570",570,"SOWENG22231e124",17,13,5,5,6,5,6,9,6,13,9,1,2,2,3,"SOW",102
"571",571,"SOWENG22231e125",19,18,6,7,6,5,6,10,9,11,10,2,2,2,4,"SOW",117
"572",572,"SOWENG22231e126",19,17,8,7,7,6,6,11,9,14,8,2,2,2,4,"SOW",122
"573",573,"SOWENG22231e127",19,15,8,7,6,4,6,11,8,12,10,2,1,2,4,"SOW",115
"574",574,"SOWENG22231e128",17,17,5,6,7,6,6,10,10,13,12,2,2,1,4,"SOW",118
"575",575,"SOWENG22231e129",18,17,6,6,7,5,6,9,9,14,10,2,1,2,4,"SOW",116
"576",576,"SOWENG22231e13",20,18,8,6,8,6,6,10,9,14,12,2,1,2,4,"SOW",126
"577",577,"SOWENG22231e130",19,17,4,6,5,5,6,11,10,12,8,2,2,2,2,"SOW",111
"578",578,"SOWENG22231e131",20,18,8,7,8,5,6,11,8,12,12,2,2,2,3,"SOW",124
"579",579,"SOWENG22231e132",18,17,5,6,9,6,6,12,6,14,11,2,2,2,4,"SOW",120
"580",580,"SOWENG22231e133",19,17,5,6,6,4,5,9,5,13,11,1,2,0,4,"SOW",107
"581",581,"SOWENG22231e134",11,14,4,5,7,4,5,11,9,11,8,2,1,2,3,"SOW",97
"582",582,"SOWENG22231e135",19,17,6,6,7,6,6,10,9,13,11,2,1,2,3,"SOW",118
"583",583,"SOWENG22231e136",20,18,8,6,8,6,6,12,10,14,11,2,2,1,4,"SOW",128
"584",584,"SOWENG22231e137",17,17,8,6,4,6,6,9,8,13,11,2,1,2,3,"SOW",113
"585",585,"SOWENG22231e138",16,17,6,7,7,6,5,8,5,12,11,2,2,2,4,"SOW",110
"586",586,"SOWENG22231e139",17,14,4,5,6,4,6,11,9,13,11,2,1,2,3,"SOW",108
"587",587,"SOWENG22231e14",17,18,6,7,9,6,3,9,9,13,8,2,2,2,2,"SOW",113
"588",588,"SOWENG22231e140",16,12,2,5,4,6,5,8,10,13,9,2,2,1,3,"SOW",98
"589",589,"SOWENG22231e141",19,18,8,6,8,6,6,12,10,14,11,2,2,2,4,"SOW",128
"590",590,"SOWENG22231e142",18,15,4,5,7,5,5,9,10,11,10,2,2,1,3,"SOW",107
"591",591,"SOWENG22231e143",18,15,6,6,7,6,6,11,8,14,12,2,1,2,4,"SOW",118
"592",592,"SOWENG22231e144",19,18,6,7,8,4,6,9,10,13,11,2,2,2,4,"SOW",121
"593",593,"SOWENG22231e145",16,17,6,6,6,5,6,9,6,14,11,2,2,1,4,"SOW",111
"594",594,"SOWENG22231e146",14,14,2,6,6,4,5,10,5,13,11,2,2,0,3,"SOW",97
"595",595,"SOWENG22231e147",20,18,8,7,7,6,6,11,10,14,11,2,2,2,4,"SOW",128
"596",596,"SOWENG22231e148",20,18,6,7,7,6,6,12,9,13,7,2,1,2,4,"SOW",120
"597",597,"SOWENG22231e149",17,14,4,7,5,5,6,9,9,13,10,2,2,2,4,"SOW",109
"598",598,"SOWENG22231e15",16,18,4,7,7,5,5,6,7,14,10,2,2,1,2,"SOW",106
"599",599,"SOWENG22231e150",19,16,6,7,5,4,6,8,8,12,10,2,2,2,4,"SOW",111
"600",600,"SOWENG22231e151",18,17,6,5,4,6,6,10,10,13,9,2,1,2,4,"SOW",113
"601",601,"SOWENG22231e152",16,16,6,6,8,5,6,12,10,14,12,2,2,2,4,"SOW",121
"602",602,"SOWENG22231e153",20,19,8,7,8,5,6,6,9,14,10,2,1,2,3,"SOW",120
"603",603,"SOWENG22231e154",18,17,8,6,6,5,6,10,9,14,10,2,2,2,4,"SOW",119
"604",604,"SOWENG22231e155",16,17,6,7,8,4,6,12,8,13,11,2,1,2,4,"SOW",117
"605",605,"SOWENG22231e156",17,13,5,5,6,2,6,7,9,12,10,2,2,2,3,"SOW",101
"606",606,"SOWENG22231e157",16,14,6,7,6,5,6,11,10,14,11,2,1,2,4,"SOW",115
"607",607,"SOWENG22231e158",15,16,6,5,6,5,6,8,8,13,11,2,2,2,4,"SOW",109
"608",608,"SOWENG22231e159",17,15,6,7,6,3,5,8,9,13,10,1,1,2,3,"SOW",106
"609",609,"SOWENG22231e16",19,19,6,6,8,6,6,11,10,14,9,2,1,2,3,"SOW",122
"610",610,"SOWENG22231e160",19,18,6,7,9,6,6,9,9,14,8,2,2,2,3,"SOW",120
"611",611,"SOWENG22231e161",19,19,8,7,7,6,6,9,10,13,11,2,2,1,4,"SOW",124
"612",612,"SOWENG22231e162",16,16,6,6,4,5,5,10,7,11,9,2,2,2,3,"SOW",104
"613",613,"SOWENG22231e163",16,14,5,7,7,4,6,10,7,12,10,1,2,2,4,"SOW",107
"614",614,"SOWENG22231e164",15,15,4,6,6,4,5,10,8,11,8,2,2,2,3,"SOW",101
"615",615,"SOWENG22231e165",17,14,4,4,7,6,5,8,9,12,10,2,2,0,4,"SOW",104
"616",616,"SOWENG22231e166",18,17,6,6,8,6,6,12,8,13,11,2,2,2,4,"SOW",121
"617",617,"SOWENG22231e167",18,18,5,7,7,6,6,11,9,12,12,2,2,2,4,"SOW",121
"618",618,"SOWENG22231e168",16,16,6,6,7,5,6,9,8,13,6,2,2,2,4,"SOW",108
"619",619,"SOWENG22231e169",18,18,4,6,6,6,5,10,8,14,11,2,2,2,3,"SOW",115
"620",620,"SOWENG22231e17",16,16,4,4,6,6,5,11,10,12,8,1,2,2,3,"SOW",106
"621",621,"SOWENG22231e170",18,17,6,6,6,5,6,11,9,11,10,2,1,2,2,"SOW",112
"622",622,"SOWENG22231e171",19,18,8,7,9,6,3,12,9,14,10,2,1,2,3,"SOW",123
"623",623,"SOWENG22231e172",18,19,6,6,6,6,6,11,8,14,12,2,2,2,4,"SOW",122
"624",624,"SOWENG22231e173",19,16,4,6,8,5,6,11,9,7,9,1,2,2,4,"SOW",109
"625",625,"SOWENG22231e174",18,16,8,6,8,6,6,12,8,14,11,2,2,2,4,"SOW",123
"626",626,"SOWENG22231e175",20,18,5,7,8,6,6,11,10,13,12,2,2,2,4,"SOW",126
"627",627,"SOWENG22231e176",20,18,5,6,10,6,6,9,8,13,12,2,2,2,4,"SOW",123
"628",628,"SOWENG22231e177",18,17,6,7,7,4,6,10,8,12,11,1,1,2,4,"SOW",114
"629",629,"SOWENG22231e178",20,19,5,3,8,6,6,9,9,13,8,1,1,2,3,"SOW",113
"630",630,"SOWENG22231e179",16,18,4,7,6,5,4,6,9,12,8,2,2,1,1,"SOW",101
"631",631,"SOWENG22231e18",17,15,5,7,8,5,5,12,7,12,10,2,2,2,4,"SOW",113
"632",632,"SOWENG22231e180",18,17,5,6,6,6,5,11,9,12,12,2,0,1,3,"SOW",113
"633",633,"SOWENG22231e181",16,15,5,6,6,4,5,7,6,13,9,2,2,2,4,"SOW",102
"634",634,"SOWENG22231e182",15,16,6,6,6,6,6,12,8,14,12,2,2,2,4,"SOW",117
"635",635,"SOWENG22231e183",15,13,3,6,3,4,5,9,8,13,9,2,2,1,4,"SOW",97
"636",636,"SOWENG22231e184",17,18,6,6,8,6,6,11,9,14,10,2,2,2,3,"SOW",120
"637",637,"SOWENG22231e185",14,18,5,7,6,5,6,11,9,14,9,2,2,1,2,"SOW",111
"638",638,"SOWENG22231e186",17,11,3,6,5,4,6,8,9,14,6,2,2,2,2,"SOW",97
"639",639,"SOWENG22231e187",16,10,5,4,5,6,4,9,7,13,9,2,2,2,1,"SOW",95
"640",640,"SOWENG22231e188",16,16,6,7,7,5,5,10,7,14,9,2,2,2,2,"SOW",110
"641",641,"SOWENG22231e189",18,16,6,5,8,5,5,10,5,10,9,2,2,1,4,"SOW",106
"642",642,"SOWENG22231e19",19,15,3,6,4,5,6,8,9,12,10,2,2,2,4,"SOW",107
"643",643,"SOWENG22231e190",18,14,5,6,4,1,6,5,7,13,8,2,2,1,3,"SOW",95
"644",644,"SOWENG22231e191",18,14,6,5,5,3,6,10,9,12,8,2,2,2,3,"SOW",105
"645",645,"SOWENG22231e192",18,14,6,7,9,5,6,8,10,14,11,2,2,1,2,"SOW",115
"646",646,"SOWENG22231e193",17,13,6,5,5,3,6,8,9,13,11,2,0,2,4,"SOW",104
"647",647,"SOWENG22231e194",15,14,5,6,8,5,6,9,9,13,12,2,2,2,4,"SOW",112
"648",648,"SOWENG22231e195",20,19,6,7,7,6,6,12,9,14,10,2,2,2,4,"SOW",126
"649",649,"SOWENG22231e196",18,16,5,7,5,5,6,9,9,14,12,2,2,2,3,"SOW",115
"650",650,"SOWENG22231e197",20,19,6,6,7,5,6,10,9,13,10,2,1,2,4,"SOW",120
"651",651,"SOWENG22231e198",18,19,6,7,7,4,6,11,10,13,9,2,2,2,4,"SOW",120
"652",652,"SOWENG22231e199",17,16,6,6,7,5,6,9,7,12,11,2,2,2,4,"SOW",112
"653",653,"SOWENG22231e2",16,14,8,6,9,5,6,8,8,11,11,2,2,2,4,"SOW",112
"654",654,"SOWENG22231e20",17,16,5,7,9,5,6,9,9,13,12,2,2,1,3,"SOW",116
"655",655,"SOWENG22231e200",14,16,6,5,6,2,6,10,6,12,9,2,2,2,2,"SOW",100
"656",656,"SOWENG22231e201",12,14,4,5,5,4,6,9,8,13,10,2,0,2,4,"SOW",98
"657",657,"SOWENG22231e202",14,15,5,6,5,3,6,10,7,12,7,2,1,2,2,"SOW",97
"658",658,"SOWENG22231e203",18,15,4,7,5,5,6,10,8,14,11,2,1,2,4,"SOW",112
"659",659,"SOWENG22231e204",15,17,4,4,4,4,6,8,10,12,11,2,2,2,4,"SOW",105
"660",660,"SOWENG22231e205",19,15,5,4,8,4,6,11,8,12,10,2,2,2,2,"SOW",110
"661",661,"SOWENG22231e206",18,18,6,7,7,6,6,10,9,14,11,2,2,2,4,"SOW",122
"662",662,"SOWENG22231e207",18,16,6,5,6,4,6,8,9,13,10,2,2,2,3,"SOW",110
"663",663,"SOWENG22231e208",18,17,6,7,7,5,6,10,9,14,11,2,2,2,4,"SOW",120
"664",664,"SOWENG22231e209",18,16,3,5,2,5,6,10,9,14,12,2,2,2,4,"SOW",110
"665",665,"SOWENG22231e21",20,17,6,7,9,6,6,10,8,14,11,2,1,2,4,"SOW",123
"666",666,"SOWENG22231e210",15,14,5,3,5,2,6,9,7,11,11,2,1,2,2,"SOW",95
"667",667,"SOWENG22231e211",19,15,6,6,8,5,6,11,10,14,10,2,1,2,4,"SOW",119
"668",668,"SOWENG22231e212",19,17,8,6,7,6,6,10,8,13,11,2,2,2,4,"SOW",121
"669",669,"SOWENG22231e213",18,16,6,6,5,5,6,10,4,13,7,2,1,1,4,"SOW",104
"670",670,"SOWENG22231e214",18,16,6,7,6,4,6,11,7,14,9,2,2,2,2,"SOW",112
"671",671,"SOWENG22231e215",18,18,5,7,10,6,5,10,8,12,10,2,2,2,4,"SOW",119
"672",672,"SOWENG22231e216",16,19,5,6,6,5,5,10,9,14,9,2,2,2,1,"SOW",111
"673",673,"SOWENG22231e217",18,15,5,7,7,3,6,11,8,12,11,2,2,2,3,"SOW",112
"674",674,"SOWENG22231e218",17,13,4,4,3,2,6,8,6,13,11,2,1,2,4,"SOW",96
"675",675,"SOWENG22231e219",16,14,5,6,8,3,6,5,5,12,8,1,0,1,4,"SOW",94
"676",676,"SOWENG22231e22",16,19,4,6,6,6,6,11,10,14,12,2,2,2,4,"SOW",120
"677",677,"SOWENG22231e220",17,16,6,7,8,4,6,11,8,12,11,2,2,2,3,"SOW",115
"678",678,"SOWENG22231e221",16,14,8,6,5,4,6,10,7,14,9,2,1,2,4,"SOW",108
"679",679,"SOWENG22231e222",16,16,4,5,9,4,6,11,6,12,12,1,2,1,4,"SOW",109
"680",680,"SOWENG22231e223",17,17,5,6,8,4,6,9,6,11,10,1,2,2,2,"SOW",106
"681",681,"SOWENG22231e224",16,16,5,6,8,3,4,9,9,13,12,2,2,1,4,"SOW",110
"682",682,"SOWENG22231e225",14,18,6,7,6,6,4,8,4,13,10,0,2,2,4,"SOW",104
"683",683,"SOWENG22231e226",15,15,6,6,6,3,6,10,9,12,9,2,2,2,3,"SOW",106
"684",684,"SOWENG22231e227",16,15,4,5,6,5,6,8,5,12,9,2,2,2,3,"SOW",100
"685",685,"SOWENG22231e228",17,12,3,5,6,4,6,11,8,13,9,1,2,1,2,"SOW",100
"686",686,"SOWENG22231e229",20,18,8,7,8,6,5,11,9,14,10,2,2,2,4,"SOW",126
"687",687,"SOWENG22231e23",17,15,4,5,6,5,6,10,9,12,10,2,2,2,3,"SOW",108
"688",688,"SOWENG22231e230",19,17,8,7,7,6,5,10,8,11,9,2,2,1,4,"SOW",116
"689",689,"SOWENG22231e231",19,19,6,5,7,6,6,10,10,14,10,2,2,2,4,"SOW",122
"690",690,"SOWENG22231e232",16,18,8,7,9,6,5,12,7,13,11,2,2,0,3,"SOW",119
"691",691,"SOWENG22231e233",17,15,6,7,6,5,6,9,6,12,7,1,0,2,0,"SOW",99
"692",692,"SOWENG22231e234",14,14,6,4,7,2,6,8,9,9,10,2,2,2,3,"SOW",98
"693",693,"SOWENG22231e235",17,16,6,6,5,3,6,7,6,9,11,2,2,2,3,"SOW",101
"694",694,"SOWENG22231e236",13,15,6,6,6,4,6,10,9,12,7,2,2,2,2,"SOW",102
"695",695,"SOWENG22231e237",20,17,4,7,7,6,6,12,8,12,11,2,2,2,4,"SOW",120
"696",696,"SOWENG22231e238",19,17,6,5,8,4,6,9,9,14,9,2,2,2,3,"SOW",115
"697",697,"SOWENG22231e239",17,18,4,6,7,6,6,10,9,13,10,2,2,2,4,"SOW",116
"698",698,"SOWENG22231e24",18,18,4,7,5,6,6,10,8,14,10,2,2,2,4,"SOW",116
"699",699,"SOWENG22231e240",16,14,4,6,4,6,5,8,6,14,11,2,1,0,2,"SOW",99
"700",700,"SOWENG22231e241",14,17,4,6,7,5,5,10,6,11,8,2,0,2,2,"SOW",99
"701",701,"SOWENG22231e242",17,18,6,5,8,2,6,12,6,12,10,1,1,2,1,"SOW",107
"702",702,"SOWENG22231e243",17,18,3,6,4,3,6,8,7,13,9,2,2,1,3,"SOW",102
"703",703,"SOWENG22231e244",20,19,6,6,8,6,6,9,9,14,7,1,2,2,4,"SOW",119
"704",704,"SOWENG22231e245",18,18,4,7,7,6,6,9,8,13,9,2,1,2,4,"SOW",114
"705",705,"SOWENG22231e246",17,18,6,7,10,6,6,12,8,14,11,2,2,2,2,"SOW",123
"706",706,"SOWENG22231e247",20,18,6,7,10,5,6,9,10,14,10,2,2,2,4,"SOW",125
"707",707,"SOWENG22231e248",16,15,5,7,9,4,6,11,9,13,12,2,1,2,3,"SOW",115
"708",708,"SOWENG22231e249",16,18,6,6,6,6,6,0,7,11,9,2,2,1,4,"SOW",100
"709",709,"SOWENG22231e25",19,19,4,7,6,5,6,11,8,13,12,2,1,2,4,"SOW",119
"710",710,"SOWENG22231e250",17,16,3,5,7,4,6,9,7,12,10,2,2,2,3,"SOW",105
"711",711,"SOWENG22231e251",19,18,8,7,9,6,5,12,10,14,11,2,2,2,4,"SOW",129
"712",712,"SOWENG22231e252",18,17,6,7,9,5,6,10,8,14,12,2,2,2,4,"SOW",122
"713",713,"SOWENG22231e253",19,17,6,7,7,5,6,11,9,12,12,2,2,2,4,"SOW",121
"714",714,"SOWENG22231e254",18,17,5,5,8,6,6,8,8,10,8,2,2,2,4,"SOW",109
"715",715,"SOWENG22231e255",14,16,6,6,8,6,6,6,10,13,9,2,1,1,3,"SOW",107
"716",716,"SOWENG22231e256",16,16,4,7,5,5,6,10,7,10,9,1,1,0,3,"SOW",100
"717",717,"SOWENG22231e257",19,17,6,7,7,6,5,12,9,13,11,2,2,2,4,"SOW",122
"718",718,"SOWENG22231e258",16,17,4,4,6,4,6,9,6,13,9,2,2,2,3,"SOW",103
"719",719,"SOWENG22231e259",18,18,5,6,6,4,6,11,6,11,9,2,2,2,4,"SOW",110
"720",720,"SOWENG22231e26",19,18,5,7,8,6,6,7,9,13,9,2,1,2,4,"SOW",116
"721",721,"SOWENG22231e260",13,15,4,5,6,5,6,8,9,10,7,2,2,1,2,"SOW",95
"722",722,"SOWENG22231e261",16,17,5,6,9,6,6,11,9,14,12,2,2,2,4,"SOW",121
"723",723,"SOWENG22231e262",19,17,6,7,6,5,5,12,8,13,11,2,2,2,4,"SOW",119
"724",724,"SOWENG22231e263",15,16,5,7,6,4,6,7,7,14,7,1,1,2,3,"SOW",101
"725",725,"SOWENG22231e264",16,17,5,5,9,6,6,9,9,13,11,2,2,2,3,"SOW",115
"726",726,"SOWENG22231e265",19,16,3,5,6,4,6,6,8,10,8,2,1,1,1,"SOW",96
"727",727,"SOWENG22231e266",14,14,3,7,6,4,6,8,5,11,7,2,2,2,4,"SOW",95
"728",728,"SOWENG22231e267",13,14,5,5,8,5,5,10,9,14,8,1,2,2,4,"SOW",105
"729",729,"SOWENG22231e268",19,16,8,7,9,6,6,12,10,14,11,2,2,2,4,"SOW",128
"730",730,"SOWENG22231e269",13,15,5,6,5,6,5,8,8,12,11,2,2,2,3,"SOW",103
"731",731,"SOWENG22231e27",19,17,6,6,9,4,6,11,10,14,11,2,2,2,4,"SOW",123
"732",732,"SOWENG22231e270",16,18,8,7,8,5,6,7,8,12,11,2,2,2,1,"SOW",113
"733",733,"SOWENG22231e271",17,17,6,7,8,2,4,11,8,12,10,2,2,2,2,"SOW",110
"734",734,"SOWENG22231e272",20,16,6,7,8,5,6,12,9,14,11,2,2,2,4,"SOW",124
"735",735,"SOWENG22231e273",18,16,5,6,6,4,6,7,7,10,6,2,2,0,2,"SOW",97
"736",736,"SOWENG22231e274",15,14,6,4,5,6,6,9,7,12,12,2,1,2,4,"SOW",105
"737",737,"SOWENG22231e275",19,19,4,7,9,5,6,10,7,12,10,0,0,0,0,"SOW",108
"738",738,"SOWENG22231e276",17,17,5,5,7,5,6,9,9,12,7,2,2,2,3,"SOW",108
"739",739,"SOWENG22231e277",19,15,6,6,7,6,6,10,8,13,12,2,2,0,0,"SOW",112
"740",740,"SOWENG22231e278",15,14,6,6,3,3,6,10,6,10,11,2,1,1,4,"SOW",98
"741",741,"SOWENG22231e279",15,18,5,6,7,5,6,10,10,13,11,2,2,2,4,"SOW",116
"742",742,"SOWENG22231e28",17,19,8,7,8,5,5,9,10,13,10,2,2,2,3,"SOW",120
"743",743,"SOWENG22231e280",17,10,3,7,4,1,6,7,8,13,11,2,2,2,1,"SOW",94
"744",744,"SOWENG22231e281",16,14,4,4,7,4,6,7,8,12,7,2,2,1,3,"SOW",97
"745",745,"SOWENG22231e282",19,16,6,6,8,4,6,9,9,13,10,2,1,2,4,"SOW",115
"746",746,"SOWENG22231e283",17,17,5,6,6,5,6,12,6,10,8,1,2,2,3,"SOW",106
"747",747,"SOWENG22231e284",20,15,2,5,8,4,6,9,7,14,10,2,2,2,4,"SOW",110
"748",748,"SOWENG22231e285",16,16,3,5,6,2,6,7,7,13,8,2,2,2,3,"SOW",98
"749",749,"SOWENG22231e286",18,17,8,6,5,6,6,10,9,13,11,2,2,1,4,"SOW",118
"750",750,"SOWENG22231e287",18,18,5,5,7,6,6,10,7,13,9,2,2,1,2,"SOW",111
"751",751,"SOWENG22231e288",20,19,5,7,6,6,5,12,10,14,12,2,2,2,4,"SOW",126
"752",752,"SOWENG22231e289",17,15,8,6,8,6,6,6,9,11,10,2,2,2,4,"SOW",112
"753",753,"SOWENG22231e29",20,18,6,6,8,6,5,10,9,14,12,2,2,2,4,"SOW",124
"754",754,"SOWENG22231e290",15,16,5,6,5,5,5,10,8,14,10,2,2,2,4,"SOW",109
"755",755,"SOWENG22231e291",19,19,6,6,7,4,6,12,10,14,11,2,1,2,3,"SOW",122
"756",756,"SOWENG22231e292",17,16,4,6,6,6,6,7,9,13,11,1,2,2,3,"SOW",109
"757",757,"SOWENG22231e293",18,16,6,7,6,5,6,11,7,11,10,2,2,2,3,"SOW",112
"758",758,"SOWENG22231e294",11,10,4,4,3,3,4,3,4,8,5,2,1,2,2,"SOW",66
"759",759,"SOWENG22231e295",14,16,2,6,2,3,6,8,4,9,11,2,2,2,0,"SOW",87
"760",760,"SOWENG22231e297",18,15,4,3,5,4,6,6,8,12,7,1,1,2,1,"SOW",93
"761",761,"SOWENG22231e298",18,12,2,6,6,3,5,9,4,12,8,2,2,1,1,"SOW",91
"762",762,"SOWENG22231e299",13,12,5,6,2,2,5,7,3,11,4,2,2,1,0,"SOW",75
"763",763,"SOWENG22231e3",18,18,6,6,8,6,6,10,8,14,10,2,2,2,3,"SOW",119
"764",764,"SOWENG22231e30",18,16,6,7,9,5,6,11,9,14,11,2,2,2,4,"SOW",122
"765",765,"SOWENG22231e300",19,11,4,5,5,3,6,9,8,10,7,2,2,1,1,"SOW",93
"766",766,"SOWENG22231e301",18,15,3,3,3,1,5,8,9,11,7,2,0,1,3,"SOW",89
"767",767,"SOWENG22231e302",13,11,0,3,5,2,3,9,6,11,10,2,2,1,3,"SOW",81
"768",768,"SOWENG22231e303",15,14,2,6,5,5,4,9,8,12,8,2,0,2,1,"SOW",93
"769",769,"SOWENG22231e304",13,13,3,6,4,3,6,6,2,7,6,2,2,1,3,"SOW",77
"770",770,"SOWENG22231e305",13,9,2,4,4,2,6,6,5,12,10,2,2,1,3,"SOW",81
"771",771,"SOWENG22231e306",17,15,2,3,4,3,4,9,6,11,9,2,2,1,4,"SOW",92
"772",772,"SOWENG22231e307",16,15,3,6,4,4,6,7,5,11,7,2,2,1,4,"SOW",93
"773",773,"SOWENG22231e308",15,13,4,5,6,2,6,6,8,9,9,2,1,2,2,"SOW",90
"774",774,"SOWENG22231e309",16,11,2,7,5,2,6,7,5,9,10,1,1,1,2,"SOW",85
"775",775,"SOWENG22231e31",18,15,5,6,4,3,5,9,9,13,11,2,2,1,3,"SOW",106
"776",776,"SOWENG22231e310",15,13,1,6,5,4,6,7,7,11,9,2,2,2,2,"SOW",92
"777",777,"SOWENG22231e311",16,11,3,4,4,5,5,9,6,11,8,2,1,2,3,"SOW",90
"778",778,"SOWENG22231e312",14,13,3,4,3,4,4,3,10,9,6,1,1,0,1,"SOW",76
"779",779,"SOWENG22231e313",14,15,1,6,3,1,6,5,8,9,9,2,2,2,1,"SOW",84
"780",780,"SOWENG22231e314",16,15,4,6,4,4,6,5,5,10,9,2,1,2,2,"SOW",91
"781",781,"SOWENG22231e315",17,11,3,6,7,3,6,6,7,9,6,0,1,1,0,"SOW",83
"782",782,"SOWENG22231e316",12,15,4,4,3,5,6,8,6,6,11,1,2,2,2,"SOW",87
"783",783,"SOWENG22231e317",16,11,3,7,3,4,6,5,6,7,10,1,1,1,3,"SOW",84
"784",784,"SOWENG22231e318",16,13,5,5,6,3,6,8,4,10,8,1,2,1,0,"SOW",88
"785",785,"SOWENG22231e319",18,16,5,6,7,2,5,3,7,12,6,1,1,1,1,"SOW",91
"786",786,"SOWENG22231e32",18,18,6,7,7,4,5,11,10,13,11,2,2,1,3,"SOW",118
"787",787,"SOWENG22231e320",20,11,2,4,4,4,5,1,4,2,2,1,0,1,2,"SOW",63
"788",788,"SOWENG22231e321",17,13,5,6,6,4,6,4,6,6,9,2,2,2,3,"SOW",91
"789",789,"SOWENG22231e322",10,11,4,5,5,2,5,5,8,11,7,2,2,1,3,"SOW",81
"790",790,"SOWENG22231e323",14,13,3,6,6,2,6,10,8,8,8,2,1,1,1,"SOW",89
"791",791,"SOWENG22231e324",10,8,3,6,4,1,6,1,7,11,7,2,2,2,4,"SOW",74
"792",792,"SOWENG22231e325",14,11,3,3,2,2,6,9,6,7,5,0,1,1,2,"SOW",72
"793",793,"SOWENG22231e326",17,14,4,3,5,2,6,8,8,9,9,1,1,1,4,"SOW",92
"794",794,"SOWENG22231e327",16,10,4,5,4,1,6,3,7,9,10,2,2,2,2,"SOW",83
"795",795,"SOWENG22231e328",14,9,4,6,4,2,6,1,7,8,8,2,1,2,1,"SOW",75
"796",796,"SOWENG22231e329",13,13,4,6,5,3,6,7,8,11,8,1,1,2,1,"SOW",89
"797",797,"SOWENG22231e33",11,17,3,6,7,6,6,8,9,12,10,2,2,2,3,"SOW",104
"798",798,"SOWENG22231e330",17,13,3,6,6,3,6,4,9,13,7,0,0,1,3,"SOW",91
"799",799,"SOWENG22231e332",15,12,2,5,4,3,3,8,10,13,10,2,0,2,1,"SOW",90
"800",800,"SOWENG22231e333",15,16,6,7,7,6,6,0,9,0,9,2,0,1,1,"SOW",85
"801",801,"SOWENG22231e334",15,12,3,4,5,2,6,9,7,9,5,1,0,0,0,"SOW",78
"802",802,"SOWENG22231e335",16,13,5,7,6,2,6,7,5,10,5,1,0,1,0,"SOW",84
"803",803,"SOWENG22231e336",17,15,5,6,8,4,6,2,8,0,10,0,0,0,0,"SOW",81
"804",804,"SOWENG22231e337",15,14,3,5,3,4,5,8,6,11,6,2,2,2,2,"SOW",88
"805",805,"SOWENG22231e34",16,16,6,6,7,5,5,8,9,9,8,2,2,2,2,"SOW",103
"806",806,"SOWENG22231e35",17,18,6,7,5,6,6,10,10,14,10,2,2,2,4,"SOW",119
"807",807,"SOWENG22231e36",17,17,5,6,7,5,6,8,7,14,11,2,2,2,2,"SOW",111
"808",808,"SOWENG22231e37",19,18,8,7,8,5,6,12,10,14,12,2,2,2,4,"SOW",129
"809",809,"SOWENG22231e38",19,19,6,6,9,6,6,12,10,13,12,2,2,2,4,"SOW",128
"810",810,"SOWENG22231e39",17,14,6,5,5,3,6,12,10,14,10,2,2,1,4,"SOW",111
"811",811,"SOWENG22231e4",17,17,5,5,8,6,5,10,9,12,11,2,2,1,3,"SOW",113
"812",812,"SOWENG22231e40",17,12,8,6,6,5,6,8,8,11,10,2,0,2,3,"SOW",104
"813",813,"SOWENG22231e41",19,18,5,7,6,6,6,11,8,12,12,2,2,2,4,"SOW",120
"814",814,"SOWENG22231e42",18,15,3,6,5,5,3,9,8,10,8,2,2,2,0,"SOW",96
"815",815,"SOWENG22231e43",18,17,3,3,5,4,6,8,7,13,11,2,2,2,3,"SOW",104
"816",816,"SOWENG22231e44",19,17,8,6,9,6,6,9,10,13,12,2,2,2,4,"SOW",125
"817",817,"SOWENG22231e45",18,17,4,7,8,4,6,10,7,14,10,2,2,2,4,"SOW",115
"818",818,"SOWENG22231e46",17,16,4,6,6,3,6,6,7,12,10,2,2,1,4,"SOW",102
"819",819,"SOWENG22231e47",17,17,5,7,7,4,6,8,8,13,8,2,2,1,3,"SOW",108
"820",820,"SOWENG22231e48",20,17,5,4,8,6,5,11,8,14,12,2,2,2,3,"SOW",119
"821",821,"SOWENG22231e49",19,17,5,7,7,6,6,11,9,14,9,2,2,2,4,"SOW",120
"822",822,"SOWENG22231e5",19,19,8,5,6,6,6,10,9,14,8,2,0,2,4,"SOW",118
"823",823,"SOWENG22231e50",16,18,5,7,8,4,6,9,8,11,9,2,2,1,2,"SOW",108
"824",824,"SOWENG22231e51",20,16,6,7,9,6,6,9,6,13,9,2,2,2,4,"SOW",117
"825",825,"SOWENG22231e52",18,13,6,4,7,5,6,8,9,13,9,2,2,2,3,"SOW",107
"826",826,"SOWENG22231e53",16,17,5,4,5,5,6,11,10,14,12,2,1,2,3,"SOW",113
"827",827,"SOWENG22231e54",19,18,6,6,7,5,6,10,10,14,11,2,2,2,4,"SOW",122
"828",828,"SOWENG22231e55",17,16,6,6,4,6,5,11,10,14,11,2,2,2,4,"SOW",116
"829",829,"SOWENG22231e56",14,15,6,7,7,6,6,9,10,14,11,2,2,2,4,"SOW",115
"830",830,"SOWENG22231e57",18,18,6,7,9,6,6,11,10,14,12,2,2,2,2,"SOW",125
"831",831,"SOWENG22231e58",20,17,4,6,6,5,4,9,6,13,9,1,2,2,3,"SOW",107
"832",832,"SOWENG22231e59",18,18,6,7,9,6,6,8,9,13,12,2,2,2,4,"SOW",122
"833",833,"SOWENG22231e6",19,16,8,5,8,6,5,12,10,13,12,2,2,2,4,"SOW",124
"834",834,"SOWENG22231e60",19,18,6,7,8,6,6,7,10,14,10,2,2,2,2,"SOW",119
"835",835,"SOWENG22231e61",20,18,8,7,9,6,6,11,9,14,10,2,2,2,2,"SOW",126
"836",836,"SOWENG22231e62",18,16,6,6,5,6,5,7,8,14,10,1,2,2,4,"SOW",110
"837",837,"SOWENG22231e63",20,18,8,6,8,6,6,12,10,13,10,2,2,2,4,"SOW",127
"838",838,"SOWENG22231e64",17,18,8,7,8,6,6,7,10,13,8,2,1,2,2,"SOW",115
"839",839,"SOWENG22231e65",19,17,5,5,5,6,6,11,7,14,11,2,1,2,3,"SOW",114
"840",840,"SOWENG22231e66",17,14,6,6,6,5,6,11,9,14,11,2,2,2,4,"SOW",115
"841",841,"SOWENG22231e67",19,13,6,7,9,6,5,8,5,14,6,2,2,2,4,"SOW",108
"842",842,"SOWENG22231e68",19,15,5,5,7,4,6,11,8,14,11,2,2,2,3,"SOW",114
"843",843,"SOWENG22231e69",17,11,4,4,6,4,5,7,9,11,8,1,2,2,3,"SOW",94
"844",844,"SOWENG22231e7",19,15,3,5,4,6,5,10,10,13,11,2,2,2,4,"SOW",111
"845",845,"SOWENG22231e70",19,15,6,6,8,5,4,11,9,13,11,2,2,2,3,"SOW",116
"846",846,"SOWENG22231e71",18,17,5,7,5,5,6,11,10,14,10,2,2,2,3,"SOW",117
"847",847,"SOWENG22231e72",20,17,6,7,8,6,6,9,8,13,11,2,2,2,3,"SOW",120
"848",848,"SOWENG22231e73",19,19,5,6,7,5,6,10,8,13,11,2,2,2,3,"SOW",118
"849",849,"SOWENG22231e74",15,15,4,7,7,5,6,10,8,14,11,2,2,2,3,"SOW",111
"850",850,"SOWENG22231e75",20,16,4,6,8,6,6,8,10,14,12,1,2,2,3,"SOW",118
"851",851,"SOWENG22231e76",16,18,6,7,9,5,6,7,7,11,9,2,1,2,4,"SOW",110
"852",852,"SOWENG22231e77",18,18,6,6,9,5,6,12,10,14,10,2,2,1,3,"SOW",122
"853",853,"SOWENG22231e78",19,19,5,7,6,5,6,8,10,14,10,2,1,2,3,"SOW",117
"854",854,"SOWENG22231e79",19,14,5,6,7,5,5,8,8,13,10,2,1,2,3,"SOW",108
"855",855,"SOWENG22231e8",19,18,6,7,6,4,6,11,9,12,10,2,2,2,4,"SOW",118
"856",856,"SOWENG22231e80",19,16,6,5,7,6,6,11,10,14,10,2,2,2,4,"SOW",120
"857",857,"SOWENG22231e81",16,13,3,5,5,2,6,9,9,12,9,0,2,1,4,"SOW",96
"858",858,"SOWENG22231e82",20,14,3,7,5,4,6,10,9,14,11,2,2,2,4,"SOW",113
"859",859,"SOWENG22231e83",16,11,6,6,8,5,4,11,9,11,9,2,2,2,2,"SOW",104
"860",860,"SOWENG22231e84",20,18,8,7,7,6,6,11,10,14,12,2,2,2,4,"SOW",129
"861",861,"SOWENG22231e85",16,18,8,7,8,6,6,10,8,12,9,2,2,2,4,"SOW",118
"862",862,"SOWENG22231e86",19,18,6,6,8,6,6,11,10,14,10,2,2,2,3,"SOW",123
"863",863,"SOWENG22231e87",16,18,6,6,7,6,5,11,10,13,11,2,2,2,3,"SOW",118
"864",864,"SOWENG22231e88",15,17,6,7,5,6,5,10,7,13,8,1,2,1,3,"SOW",106
"865",865,"SOWENG22231e89",20,16,6,5,9,5,5,11,10,14,11,2,2,0,4,"SOW",120
"866",866,"SOWENG22231e9",16,17,5,6,5,5,6,11,9,13,11,2,2,2,4,"SOW",114
"867",867,"SOWENG22231e90",18,17,1,6,7,5,6,7,9,14,8,2,2,2,3,"SOW",107
"868",868,"SOWENG22231e91",18,15,6,5,7,6,6,6,9,12,12,2,2,2,0,"SOW",108
"869",869,"SOWENG22231e92",16,16,6,7,5,5,6,9,9,13,12,2,2,2,4,"SOW",114
"870",870,"SOWENG22231e93",18,16,6,7,8,4,6,9,9,14,11,2,2,1,4,"SOW",117
"871",871,"SOWENG22231e94",20,19,6,6,8,5,6,7,6,13,7,2,1,2,3,"SOW",111
"872",872,"SOWENG22231e95",17,17,5,6,5,3,6,10,8,12,11,2,2,2,4,"SOW",110
"873",873,"SOWENG22231e96",20,19,6,7,7,5,5,11,9,13,12,2,1,1,2,"SOW",120
"874",874,"SOWENG22231e97",18,16,5,5,6,6,5,9,7,11,10,2,2,2,3,"SOW",107
"875",875,"SOWENG22231e98",17,17,8,6,8,6,6,12,7,13,11,2,2,2,2,"SOW",119
"876",876,"SOWENG22231e99",18,17,5,6,8,6,6,11,10,11,8,2,2,1,2,"SOW",113
"877",0,"0",20,19,8,7,10,6,6,12,10,14,12,2,2,2,4,"0",0
